日期,時段,代號,名稱,當前股價,動能(%),狀態
2026-06-16,台股模組,00631L.TW,元大台灣50正2,37.31,48.88,❌ 跌破IXIC濾網
2026-06-16,台股模組,00675L.TW,富邦臺灣加權正2,329.0,50.91,❌ 跌破IXIC濾網
2026-06-16,台股模組,00674R.TW,期元大S&P黃金反1,28.45,238.52,⭐️ 買進標的
2026-06-16,台股模組,2327.TW,國巨*,950.0,179.49,⭐️ 買進標的
2026-06-16,台股模組,4958.TW,臻鼎-KY,624.0,140.72,⭐️ 買進標的
2026-06-16,台股模組,3090.TW,日電貿,275.0,138.87,⭐️ 買進標的
2026-06-16,台股模組,2493.TW,揚博,250.0,109.76,⭐️ 買進標的
2026-06-16,台股模組,2454.TW,聯發科,4560.0,100.39,⭐️ 買進標的
2026-06-16,台股模組,3008.TW,大立光,4860.0,81.58,⭐️ 買進標的
2026-06-16,台股模組,2303.TW,聯電,141.0,80.04,⭐️ 買進標的
2026-06-16,台股模組,8454.TW,富邦媒,321.0,78.99,⭐️ 買進標的
2026-06-16,台股模組,8021.TW,尖點,518.0,74.41,⭐️ 買進標的
2026-06-16,美股模組,USD,ProShares Ultra Semiconductors,98.01,53.29,⭐️ 買進標的
2026-06-16,美股模組,SOXL,Direxion Daily Semiconductor Bull 3X Shares,234.68,254.25,❌ 跌破TWII濾網
2026-06-16,美股模組,SNDK,Sandisk,1980.1,328.81,⭐️ 買進標的
2026-06-16,美股模組,BWET,Breakwave Tanker Shipping ETF,198.77,296.56,⭐️ 買進標的
2026-06-16,美股模組,AXTI,"AXT, Inc.",97.18,201.72,⭐️ 買進標的
2026-06-16,美股模組,MU,Micron Technology,981.61,141.71,⭐️ 買進標的
2026-06-16,美股模組,DELL,Dell Technologies,409.07,141.5,⭐️ 買進標的
2026-06-16,美股模組,INTC,Intel,124.57,127.06,⭐️ 買進標的
2026-06-16,美股模組,STX,Seagate Technology,931.04,123.27,⭐️ 買進標的
2026-06-16,美股模組,LNVGY,Lenovo Group Limited,57.25,111.49,⭐️ 買進標的
2026-06-16,美股模組,WDC,Western Digital,562.93,110.12,⭐️ 買進標的
2026-06-16,美股模組,AMD,Advanced Micro Devices,511.57,103.47,⭐️ 買進標的
2026-06-16,台股模組,00631L.TW,元大台灣50正2,37.31,48.88,❌ 跌破IXIC濾網
2026-06-16,台股模組,00675L.TW,富邦臺灣加權正2,329.0,50.91,❌ 跌破IXIC濾網
2026-06-16,台股模組,00674R.TW,期元大S&P黃金反1,28.45,238.52,⭐️ 買進標的
2026-06-16,台股模組,2327.TW,國巨*,950.0,179.49,⭐️ 買進標的
2026-06-16,台股模組,4958.TW,臻鼎-KY,624.0,140.72,⭐️ 買進標的
2026-06-16,台股模組,3090.TW,日電貿,275.0,138.87,⭐️ 買進標的
2026-06-16,台股模組,2493.TW,揚博,250.0,109.76,⭐️ 買進標的
2026-06-16,台股模組,2454.TW,聯發科,4560.0,100.39,⭐️ 買進標的
2026-06-16,台股模組,3008.TW,大立光,4860.0,81.58,⭐️ 買進標的
2026-06-16,台股模組,2303.TW,聯電,141.0,80.04,⭐️ 買進標的
2026-06-16,台股模組,8454.TW,富邦媒,321.0,78.99,⭐️ 買進標的
2026-06-16,台股模組,8021.TW,尖點,518.0,74.41,⭐️ 買進標的
2026-06-16,美股模組,USD,ProShares Ultra Semiconductors,105.36,62.85,⭐️ 買進標的
2026-06-16,美股模組,SOXL,Direxion Daily Semiconductor Bull 3X Shares,272.49,304.12,❌ 跌破TWII濾網
2026-06-16,美股模組,SNDK,Sandisk,2147.95,349.87,⭐️ 買進標的
2026-06-16,美股模組,BWET,Breakwave Tanker Shipping ETF,190.06,272.99,⭐️ 買進標的
2026-06-16,美股模組,AXTI,"AXT, Inc.",108.55,227.14,⭐️ 買進標的
2026-06-16,美股模組,MU,Micron Technology,1101.3,172.58,⭐️ 買進標的
2026-06-16,美股模組,WDC,Western Digital,714.41,159.23,⭐️ 買進標的
2026-06-16,美股模組,DELL,Dell Technologies,412.17,153.33,⭐️ 買進標的
2026-06-16,美股模組,STX,Seagate Technology,1081.0,152.85,⭐️ 買進標的
2026-06-16,美股模組,INTC,Intel,127.92,137.88,⭐️ 買進標的
2026-06-16,美股模組,AMD,Advanced Micro Devices,545.34,114.99,⭐️ 買進標的
2026-06-16,美股模組,LNVGY,Lenovo Group Limited,57.25,111.49,⭐️ 買進標的
2026-06-16,台股模組,00631L.TW,元大台灣50正2,37.31,48.88,⭐️ 買進標的
2026-06-16,台股模組,00675L.TW,富邦臺灣加權正2,329.0,50.91,⭐️ 買進標的
2026-06-16,台股模組,00674R.TW,期元大S&P黃金反1,28.45,238.52,⭐️ 買進標的
2026-06-16,台股模組,2327.TW,國巨*,950.0,179.49,⭐️ 買進標的
2026-06-16,台股模組,4958.TW,臻鼎-KY,624.0,140.72,⭐️ 買進標的
2026-06-16,台股模組,3090.TW,日電貿,275.0,138.87,⭐️ 買進標的
2026-06-16,台股模組,2493.TW,揚博,250.0,109.76,⭐️ 買進標的
2026-06-16,台股模組,2454.TW,聯發科,4560.0,100.39,⭐️ 買進標的
2026-06-16,台股模組,3008.TW,大立光,4860.0,81.58,⭐️ 買進標的
2026-06-16,台股模組,2303.TW,聯電,141.0,80.04,⭐️ 買進標的
2026-06-16,台股模組,8454.TW,富邦媒,321.0,78.99,⭐️ 買進標的
2026-06-16,台股模組,8021.TW,尖點,518.0,74.41,⭐️ 買進標的
2026-06-16,美股模組,USD,ProShares Ultra Semiconductors,105.33,62.8,⭐️ 買進標的
2026-06-16,美股模組,SOXL,Direxion Daily Semiconductor Bull 3X Shares,273.3,305.33,⭐️ 買進標的 (釘住)
2026-06-16,美股模組,SNDK,Sandisk,2111.31,342.2,⭐️ 買進標的
2026-06-16,美股模組,BWET,Breakwave Tanker Shipping ETF,186.37,265.75,⭐️ 買進標的
2026-06-16,美股模組,AXTI,"AXT, Inc.",110.12,231.87,⭐️ 買進標的
2026-06-16,美股模組,MU,Micron Technology,1093.62,170.68,⭐️ 買進標的
2026-06-16,美股模組,WDC,Western Digital,718.06,160.55,⭐️ 買進標的
2026-06-16,美股模組,DELL,Dell Technologies,420.88,158.69,⭐️ 買進標的
2026-06-16,美股模組,STX,Seagate Technology,1086.36,154.11,⭐️ 買進標的
2026-06-16,美股模組,LNVGY,Lenovo Group Limited,65.0,141.56,⭐️ 買進標的
2026-06-16,美股模組,INTC,Intel,128.05,138.14,⭐️ 買進標的
2026-06-16,美股模組,AMD,Advanced Micro Devices,542.4,113.83,⭐️ 買進標的
2026-06-17,台股模組,00631L.TW,元大台灣50正2,37.07,47.05,⭐️ 買進標的
2026-06-17,台股模組,00675L.TW,富邦臺灣加權正2,325.85,48.34,⭐️ 買進標的
2026-06-17,台股模組,00674R.TW,期元大S&P黃金反1,28.35,243.03,⭐️ 買進標的
2026-06-17,台股模組,2327.TW,國巨*,950.0,179.49,⭐️ 買進標的
2026-06-17,台股模組,4958.TW,臻鼎-KY,624.0,140.72,⭐️ 買進標的
2026-06-17,台股模組,3090.TW,日電貿,275.0,138.87,⭐️ 買進標的
2026-06-17,台股模組,2493.TW,揚博,250.0,109.76,⭐️ 買進標的
2026-06-17,台股模組,2454.TW,聯發科,4560.0,100.39,⭐️ 買進標的
2026-06-17,台股模組,3008.TW,大立光,4860.0,81.58,⭐️ 買進標的
2026-06-17,台股模組,2303.TW,聯電,141.0,80.04,⭐️ 買進標的
2026-06-17,台股模組,8454.TW,富邦媒,321.0,78.99,⭐️ 買進標的
2026-06-17,台股模組,8021.TW,尖點,518.0,74.41,⭐️ 買進標的
2026-06-17,美股模組,USD,ProShares Ultra Semiconductors,97.88,61.28,⭐️ 買進標的
2026-06-17,美股模組,SOXL,Direxion Daily Semiconductor Bull 3X Shares,226.19,263.9,⭐️ 買進標的 (釘住)
2026-06-17,美股模組,SNDK,Sandisk,1991.55,361.32,⭐️ 買進標的
2026-06-17,美股模組,BWET,Breakwave Tanker Shipping ETF,195.59,283.84,⭐️ 買進標的
2026-06-17,美股模組,AXTI,"AXT, Inc.",93.04,204.38,⭐️ 買進標的
2026-06-17,美股模組,MU,Micron Technology,1020.76,161.9,⭐️ 買進標的
2026-06-17,美股模組,DELL,Dell Technologies,404.08,148.36,⭐️ 買進標的
2026-06-17,美股模組,WDC,Western Digital,681.08,148.31,⭐️ 買進標的
2026-06-17,美股模組,STX,Seagate Technology,1031.34,145.04,⭐️ 買進標的
2026-06-17,美股模組,LNVGY,Lenovo Group Limited,64.64,144.93,⭐️ 買進標的
2026-06-17,美股模組,INTC,Intel,117.05,127.62,⭐️ 買進標的
2026-06-17,美股模組,AMD,Advanced Micro Devices,507.29,106.23,⭐️ 買進標的
2026-06-17,台股模組,00631L.TW,元大台灣50正2,37.51,48.68,⭐️ 買進標的
2026-06-17,台股模組,00675L.TW,富邦臺灣加權正2,330.0,50.33,⭐️ 買進標的
2026-06-17,台股模組,00674R.TW,期元大S&P黃金反1,28.46,240.32,⭐️ 買進標的
2026-06-17,台股模組,2327.TW,國巨*,984.0,172.97,⭐️ 買進標的
2026-06-17,台股模組,3090.TW,日電貿,302.5,144.33,⭐️ 買進標的
2026-06-17,台股模組,4958.TW,臻鼎-KY,639.0,141.21,⭐️ 買進標的
2026-06-17,台股模組,2493.TW,揚博,249.0,106.84,⭐️ 買進標的
2026-06-17,台股模組,2454.TW,聯發科,4460.0,99.58,⭐️ 買進標的
2026-06-17,台股模組,3481.TW,群創,58.6,88.26,⭐️ 買進標的
2026-06-17,台股模組,3008.TW,大立光,5145.0,85.97,⭐️ 買進標的
2026-06-17,台股模組,8021.TW,尖點,542.0,83.48,⭐️ 買進標的
2026-06-17,台股模組,2303.TW,聯電,140.0,77.27,⭐️ 買進標的
2026-06-17,美股模組,USD,ProShares Ultra Semiconductors,97.88,61.28,⭐️ 買進標的
2026-06-17,美股模組,SOXL,Direxion Daily Semiconductor Bull 3X Shares,226.19,263.9,⭐️ 買進標的 (釘住)
2026-06-17,美股模組,SNDK,Sandisk,1991.55,361.32,⭐️ 買進標的
2026-06-17,美股模組,BWET,Breakwave Tanker Shipping ETF,198.77,296.56,⭐️ 買進標的
2026-06-17,美股模組,AXTI,"AXT, Inc.",93.04,204.38,⭐️ 買進標的
2026-06-17,美股模組,MU,Micron Technology,1020.76,161.9,⭐️ 買進標的
2026-06-17,美股模組,WDC,Western Digital,681.08,148.31,⭐️ 買進標的
2026-06-17,美股模組,LNVGY,Lenovo Group Limited,64.74,145.31,⭐️ 買進標的
2026-06-17,美股模組,STX,Seagate Technology,1031.34,145.04,⭐️ 買進標的
2026-06-17,美股模組,DELL,Dell Technologies,409.07,141.5,⭐️ 買進標的
2026-06-17,美股模組,INTC,Intel,117.05,127.62,⭐️ 買進標的
2026-06-17,美股模組,AMD,Advanced Micro Devices,507.29,106.23,⭐️ 買進標的
2026-06-18,台股模組,00631L.TW,元大台灣50正2,37.31,48.88,❌ 跌破IXIC濾網
2026-06-18,台股模組,00675L.TW,富邦臺灣加權正2,329.0,50.91,❌ 跌破IXIC濾網
2026-06-18,台股模組,00674R.TW,期元大S&P黃金反1,28.45,238.52,⭐️ 買進標的
2026-06-18,台股模組,2327.TW,國巨*,984.0,172.97,⭐️ 買進標的
2026-06-18,台股模組,3090.TW,日電貿,302.5,144.33,⭐️ 買進標的
2026-06-18,台股模組,4958.TW,臻鼎-KY,639.0,141.21,⭐️ 買進標的
2026-06-18,台股模組,2493.TW,揚博,249.0,106.84,⭐️ 買進標的
2026-06-18,台股模組,2454.TW,聯發科,4460.0,99.58,⭐️ 買進標的
2026-06-18,台股模組,3481.TW,群創,58.6,88.26,⭐️ 買進標的
2026-06-18,台股模組,3008.TW,大立光,5145.0,85.97,⭐️ 買進標的
2026-06-18,台股模組,8021.TW,尖點,542.0,83.48,⭐️ 買進標的
2026-06-18,台股模組,2303.TW,聯電,140.0,77.27,⭐️ 買進標的
2026-06-18,美股模組,USD,ProShares Ultra Semiconductors,99.11,66.48,⭐️ 買進標的
2026-06-18,美股模組,SOXL,Direxion Daily Semiconductor Bull 3X Shares,233.86,284.97,⭐️ 買進標的 (釘住)
2026-06-18,美股模組,SNDK,Sandisk,1958.8,359.06,⭐️ 買進標的
2026-06-18,美股模組,BWET,Breakwave Tanker Shipping ETF,209.5,293.39,⭐️ 買進標的
2026-06-18,美股模組,AXTI,"AXT, Inc.",92.11,199.0,⭐️ 買進標的
2026-06-18,美股模組,MU,Micron Technology,1043.19,172.9,⭐️ 買進標的
2026-06-18,美股模組,WDC,Western Digital,712.13,167.72,⭐️ 買進標的
2026-06-18,美股模組,DELL,Dell Technologies,419.32,160.59,⭐️ 買進標的
2026-06-18,美股模組,STX,Seagate Technology,1066.07,160.46,⭐️ 買進標的
2026-06-18,美股模組,INTC,Intel,121.1,134.58,⭐️ 買進標的
2026-06-18,美股模組,LNVGY,Lenovo Group Limited,61.35,131.84,⭐️ 買進標的
2026-06-18,美股模組,AMD,Advanced Micro Devices,512.48,108.52,⭐️ 買進標的
2026-06-18,台股模組,00631L.TW,元大台灣50正2,38.33,49.94,❌ 跌破IXIC濾網
2026-06-18,台股模組,00675L.TW,富邦臺灣加權正2,338.45,52.43,❌ 跌破IXIC濾網
2026-06-18,台股模組,00674R.TW,期元大S&P黃金反1,28.42,236.7,⭐️ 買進標的
2026-06-18,台股模組,2327.TW,國巨*,1080.0,198.49,⭐️ 買進標的
2026-06-18,台股模組,3090.TW,日電貿,332.5,160.22,⭐️ 買進標的
2026-06-18,台股模組,4958.TW,臻鼎-KY,642.0,129.75,⭐️ 買進標的
2026-06-18,台股模組,2493.TW,揚博,273.5,123.8,⭐️ 買進標的
2026-06-18,台股模組,3481.TW,群創,64.4,107.02,⭐️ 買進標的
2026-06-18,台股模組,2454.TW,聯發科,4390.0,94.84,⭐️ 買進標的
2026-06-18,台股模組,3008.TW,大立光,5195.0,89.94,⭐️ 買進標的
2026-06-18,台股模組,2303.TW,聯電,145.5,86.43,⭐️ 買進標的
2026-06-18,台股模組,8454.TW,富邦媒,341.0,86.26,⭐️ 買進標的
2026-06-18,美股模組,USD,ProShares Ultra Semiconductors,99.11,66.48,⭐️ 買進標的
2026-06-18,美股模組,SOXL,Direxion Daily Semiconductor Bull 3X Shares,233.86,284.97,⭐️ 買進標的 (釘住)
2026-06-18,美股模組,SNDK,Sandisk,1958.8,359.06,⭐️ 買進標的
2026-06-18,美股模組,BWET,Breakwave Tanker Shipping ETF,209.5,293.39,⭐️ 買進標的
2026-06-18,美股模組,AXTI,"AXT, Inc.",92.11,199.0,⭐️ 買進標的
2026-06-18,美股模組,MU,Micron Technology,1043.19,172.9,⭐️ 買進標的
2026-06-18,美股模組,WDC,Western Digital,712.13,167.72,⭐️ 買進標的
2026-06-18,美股模組,DELL,Dell Technologies,419.32,160.59,⭐️ 買進標的
2026-06-18,美股模組,STX,Seagate Technology,1066.07,160.46,⭐️ 買進標的
2026-06-18,美股模組,INTC,Intel,121.1,134.58,⭐️ 買進標的
2026-06-18,美股模組,LNVGY,Lenovo Group Limited,61.3,131.65,⭐️ 買進標的
2026-06-18,美股模組,AMD,Advanced Micro Devices,512.48,108.52,⭐️ 買進標的
2026-06-19,台股模組,00631L.TW,元大台灣50正2,37.51,48.68,⭐️ 買進標的
2026-06-19,台股模組,00675L.TW,富邦臺灣加權正2,330.0,50.33,⭐️ 買進標的
2026-06-19,台股模組,00674R.TW,期元大S&P黃金反1,28.46,240.32,⭐️ 買進標的
2026-06-19,台股模組,2327.TW,國巨*,1080.0,198.49,⭐️ 買進標的
2026-06-19,台股模組,3090.TW,日電貿,332.5,160.22,⭐️ 買進標的
2026-06-19,台股模組,4958.TW,臻鼎-KY,642.0,129.75,⭐️ 買進標的
2026-06-19,台股模組,2493.TW,揚博,273.5,123.8,⭐️ 買進標的
2026-06-19,台股模組,3481.TW,群創,64.4,107.02,⭐️ 買進標的
2026-06-19,台股模組,2454.TW,聯發科,4390.0,94.84,⭐️ 買進標的
2026-06-19,台股模組,3008.TW,大立光,5195.0,89.94,⭐️ 買進標的
2026-06-19,台股模組,2303.TW,聯電,145.5,86.43,⭐️ 買進標的
2026-06-19,台股模組,8454.TW,富邦媒,341.0,86.26,⭐️ 買進標的
2026-06-19,美股模組,USD,ProShares Ultra Semiconductors,108.71,82.86,⭐️ 買進標的
2026-06-19,美股模組,SOXL,Direxion Daily Semiconductor Bull 3X Shares,279.29,360.95,⭐️ 買進標的 (釘住)
2026-06-19,美股模組,SNDK,Sandisk,2184.75,394.9,⭐️ 買進標的
2026-06-19,美股模組,BWET,Breakwave Tanker Shipping ETF,211.96,308.54,⭐️ 買進標的
2026-06-19,美股模組,MU,Micron Technology,1133.99,201.92,⭐️ 買進標的
2026-06-19,美股模組,AXTI,"AXT, Inc.",84.57,190.35,⭐️ 買進標的
2026-06-19,美股模組,WDC,Western Digital,746.23,175.68,⭐️ 買進標的
2026-06-19,美股模組,INTC,Intel,133.99,156.73,⭐️ 買進標的
2026-06-19,美股模組,STX,Seagate Technology,1070.23,155.23,⭐️ 買進標的
2026-06-19,美股模組,DELL,Dell Technologies,409.5,148.19,⭐️ 買進標的
2026-06-19,美股模組,BE,Bloom Energy Corporation,328.91,132.87,⭐️ 買進標的
2026-06-19,美股模組,LNVGY,Lenovo Group Limited,60.81,128.68,⭐️ 買進標的
2026-06-19,台股模組,00631L.TW,元大台灣50正2,38.33,49.94,⭐️ 買進標的
2026-06-19,台股模組,00675L.TW,富邦臺灣加權正2,338.45,52.43,⭐️ 買進標的
2026-06-19,台股模組,00674R.TW,期元大S&P黃金反1,28.42,236.7,⭐️ 買進標的
2026-06-19,台股模組,2327.TW,國巨*,1080.0,198.49,⭐️ 買進標的
2026-06-19,台股模組,3090.TW,日電貿,332.5,160.22,⭐️ 買進標的
2026-06-19,台股模組,4958.TW,臻鼎-KY,642.0,129.75,⭐️ 買進標的
2026-06-19,台股模組,2493.TW,揚博,273.5,123.8,⭐️ 買進標的
2026-06-19,台股模組,3481.TW,群創,64.4,107.02,⭐️ 買進標的
2026-06-19,台股模組,2454.TW,聯發科,4390.0,94.84,⭐️ 買進標的
2026-06-19,台股模組,3008.TW,大立光,5195.0,89.94,⭐️ 買進標的
2026-06-19,台股模組,2303.TW,聯電,145.5,86.43,⭐️ 買進標的
2026-06-19,台股模組,8454.TW,富邦媒,341.0,86.26,⭐️ 買進標的
2026-06-19,美股模組,USD,ProShares Ultra Semiconductors,108.71,82.86,⭐️ 買進標的
2026-06-19,美股模組,SOXL,Direxion Daily Semiconductor Bull 3X Shares,279.29,360.95,⭐️ 買進標的 (釘住)
2026-06-19,美股模組,SNDK,Sandisk,2184.75,394.9,⭐️ 買進標的
2026-06-19,美股模組,BWET,Breakwave Tanker Shipping ETF,211.96,308.54,⭐️ 買進標的
2026-06-19,美股模組,MU,Micron Technology,1133.99,201.92,⭐️ 買進標的
2026-06-19,美股模組,AXTI,"AXT, Inc.",84.57,190.35,⭐️ 買進標的
2026-06-19,美股模組,WDC,Western Digital,746.23,175.68,⭐️ 買進標的
2026-06-19,美股模組,INTC,Intel,133.99,156.73,⭐️ 買進標的
2026-06-19,美股模組,STX,Seagate Technology,1070.23,155.23,⭐️ 買進標的
2026-06-19,美股模組,DELL,Dell Technologies,409.5,148.19,⭐️ 買進標的
2026-06-19,美股模組,BE,Bloom Energy Corporation,328.91,132.87,⭐️ 買進標的
2026-06-19,美股模組,LNVGY,Lenovo Group Limited,60.95,129.21,⭐️ 買進標的
2026-06-22,台股模組,00631L.TW,元大台灣50正2,38.33,49.94,⭐️ 買進標的
2026-06-22,台股模組,00675L.TW,富邦臺灣加權正2,338.45,52.43,⭐️ 買進標的
2026-06-22,台股模組,00674R.TW,期元大S&P黃金反1,28.42,236.7,⭐️ 買進標的
2026-06-22,台股模組,2327.TW,國巨*,1080.0,198.49,⭐️ 買進標的
2026-06-22,台股模組,3090.TW,日電貿,332.5,160.22,⭐️ 買進標的
2026-06-22,台股模組,4958.TW,臻鼎-KY,642.0,129.75,⭐️ 買進標的
2026-06-22,台股模組,2493.TW,揚博,273.5,123.8,⭐️ 買進標的
2026-06-22,台股模組,3481.TW,群創,64.4,107.02,⭐️ 買進標的
2026-06-22,台股模組,2454.TW,聯發科,4390.0,94.84,⭐️ 買進標的
2026-06-22,台股模組,3008.TW,大立光,5195.0,89.94,⭐️ 買進標的
2026-06-22,台股模組,2303.TW,聯電,145.5,86.43,⭐️ 買進標的
2026-06-22,台股模組,8454.TW,富邦媒,341.0,86.26,⭐️ 買進標的
2026-06-22,美股模組,USD,ProShares Ultra Semiconductors,108.71,82.86,⭐️ 買進標的
2026-06-22,美股模組,SOXL,Direxion Daily Semiconductor Bull 3X Shares,279.29,360.95,⭐️ 買進標的 (釘住)
2026-06-22,美股模組,SNDK,Sandisk,2184.75,394.9,⭐️ 買進標的
2026-06-22,美股模組,BWET,Breakwave Tanker Shipping ETF,211.96,308.54,⭐️ 買進標的
2026-06-22,美股模組,MU,Micron Technology,1133.99,201.92,⭐️ 買進標的
2026-06-22,美股模組,AXTI,"AXT, Inc.",84.57,190.35,⭐️ 買進標的
2026-06-22,美股模組,WDC,Western Digital,746.23,175.68,⭐️ 買進標的
2026-06-22,美股模組,INTC,Intel,133.99,156.73,⭐️ 買進標的
2026-06-22,美股模組,STX,Seagate Technology,1070.23,155.23,⭐️ 買進標的
2026-06-22,美股模組,DELL,Dell Technologies,409.5,148.19,⭐️ 買進標的
2026-06-22,美股模組,BE,Bloom Energy Corporation,328.91,132.87,⭐️ 買進標的
2026-06-22,美股模組,LNVGY,Lenovo Group Limited,60.95,129.21,⭐️ 買進標的
2026-06-22,台股模組,00631L.TW,元大台灣50正2,41.32,61.62,⭐️ 買進標的
2026-06-22,台股模組,00675L.TW,富邦臺灣加權正2,364.0,63.72,⭐️ 買進標的
2026-06-22,台股模組,6669.TW,緯穎,4855.0,260.08,⭐️ 買進標的
2026-06-22,台股模組,00674R.TW,期元大S&P黃金反1,29.36,239.85,⭐️ 買進標的
2026-06-22,台股模組,2327.TW,國巨*,1065.0,188.79,⭐️ 買進標的
2026-06-22,台股模組,3090.TW,日電貿,335.5,154.35,⭐️ 買進標的
2026-06-22,台股模組,4958.TW,臻鼎-KY,622.0,116.16,⭐️ 買進標的
2026-06-22,台股模組,2493.TW,揚博,268.0,113.91,⭐️ 買進標的
2026-06-22,台股模組,3481.TW,群創,66.0,106.83,⭐️ 買進標的
2026-06-22,台股模組,2303.TW,聯電,160.0,105.25,⭐️ 買進標的
2026-06-22,台股模組,2454.TW,聯發科,4465.0,95.77,⭐️ 買進標的
2026-06-22,台股模組,2344.TW,華邦電,222.0,88.83,⭐️ 買進標的
2026-06-22,美股模組,USD,ProShares Ultra Semiconductors,108.71,82.86,⭐️ 買進標的
2026-06-22,美股模組,SOXL,Direxion Daily Semiconductor Bull 3X Shares,279.29,360.95,⭐️ 買進標的 (釘住)
2026-06-22,美股模組,SNDK,Sandisk,2184.75,394.9,⭐️ 買進標的
2026-06-22,美股模組,BWET,Breakwave Tanker Shipping ETF,211.96,308.54,⭐️ 買進標的
2026-06-22,美股模組,MU,Micron Technology,1133.99,201.92,⭐️ 買進標的
2026-06-22,美股模組,AXTI,"AXT, Inc.",84.57,190.35,⭐️ 買進標的
2026-06-22,美股模組,WDC,Western Digital,746.23,175.68,⭐️ 買進標的
2026-06-22,美股模組,INTC,Intel,133.99,156.73,⭐️ 買進標的
2026-06-22,美股模組,STX,Seagate Technology,1070.23,155.23,⭐️ 買進標的
2026-06-22,美股模組,DELL,Dell Technologies,409.5,148.19,⭐️ 買進標的
2026-06-22,美股模組,BE,Bloom Energy Corporation,328.91,132.87,⭐️ 買進標的
2026-06-22,美股模組,LNVGY,Lenovo Group Limited,60.95,129.21,⭐️ 買進標的
2026-06-23,台股模組,00631L.TW,元大台灣50正2,41.32,61.62,❌ 跌破IXIC濾網
2026-06-23,台股模組,00675L.TW,富邦臺灣加權正2,364.0,63.72,❌ 跌破IXIC濾網
2026-06-23,台股模組,6669.TW,緯穎,4855.0,260.08,⭐️ 買進標的
2026-06-23,台股模組,00674R.TW,期元大S&P黃金反1,29.36,239.85,⭐️ 買進標的
2026-06-23,台股模組,2327.TW,國巨*,1065.0,188.79,⭐️ 買進標的
2026-06-23,台股模組,3090.TW,日電貿,335.5,154.35,⭐️ 買進標的
2026-06-23,台股模組,4958.TW,臻鼎-KY,622.0,116.16,⭐️ 買進標的
2026-06-23,台股模組,2493.TW,揚博,268.0,113.91,⭐️ 買進標的
2026-06-23,台股模組,3481.TW,群創,66.0,106.83,⭐️ 買進標的
2026-06-23,台股模組,2303.TW,聯電,160.0,105.25,⭐️ 買進標的
2026-06-23,台股模組,2454.TW,聯發科,4465.0,95.77,⭐️ 買進標的
2026-06-23,台股模組,2344.TW,華邦電,222.0,88.83,⭐️ 買進標的
2026-06-23,美股模組,USD,ProShares Ultra Semiconductors,110.49,94.26,⭐️ 買進標的
2026-06-23,美股模組,SOXL,Direxion Daily Semiconductor Bull 3X Shares,300.77,432.34,⭐️ 買進標的 (釘住)
2026-06-23,美股模組,SNDK,Sandisk,2273.73,427.66,⭐️ 買進標的
2026-06-23,美股模組,BWET,Breakwave Tanker Shipping ETF,217.75,309.17,⭐️ 買進標的
2026-06-23,美股模組,AXTI,"AXT, Inc.",92.44,235.56,⭐️ 買進標的
2026-06-23,美股模組,MU,Micron Technology,1211.38,229.88,⭐️ 買進標的
2026-06-23,美股模組,WDC,Western Digital,732.62,183.48,⭐️ 買進標的
2026-06-23,美股模組,INTC,Intel,140.94,176.9,⭐️ 買進標的
2026-06-23,美股模組,STX,Seagate Technology,1094.04,169.31,⭐️ 買進標的
2026-06-23,美股模組,BE,Bloom Energy Corporation,345.85,167.41,⭐️ 買進標的
2026-06-23,美股模組,DELL,Dell Technologies,418.71,156.2,⭐️ 買進標的
2026-06-23,美股模組,CRDO,Credo Technology Group Holding Ltd,302.52,127.81,⭐️ 買進標的
2026-06-23,台股模組,00631L.TW,元大台灣50正2,40.2,55.95,❌ 跌破IXIC濾網
2026-06-23,台股模組,00675L.TW,富邦臺灣加權正2,351.8,56.11,❌ 跌破IXIC濾網
2026-06-23,台股模組,6669.TW,緯穎,4675.0,239.92,⭐️ 買進標的
2026-06-23,台股模組,00674R.TW,期元大S&P黃金反1,29.8,237.83,⭐️ 買進標的
2026-06-23,台股模組,2327.TW,國巨*,1020.0,171.21,⭐️ 買進標的
2026-06-23,台股模組,3090.TW,日電貿,302.5,129.06,⭐️ 買進標的
2026-06-23,台股模組,2303.TW,聯電,170.0,121.62,⭐️ 買進標的
2026-06-23,台股模組,2493.TW,揚博,265.0,110.59,⭐️ 買進標的
2026-06-23,台股模組,3481.TW,群創,66.0,104.23,⭐️ 買進標的
2026-06-23,台股模組,4958.TW,臻鼎-KY,587.0,98.32,⭐️ 買進標的
2026-06-23,台股模組,2454.TW,聯發科,4535.0,92.13,⭐️ 買進標的
2026-06-23,台股模組,1303.TW,南亞,154.5,87.63,⭐️ 買進標的
2026-06-23,美股模組,USD,ProShares Ultra Semiconductors,110.49,94.26,⭐️ 買進標的
2026-06-23,美股模組,SOXL,Direxion Daily Semiconductor Bull 3X Shares,300.77,432.34,⭐️ 買進標的 (釘住)
2026-06-23,美股模組,SNDK,Sandisk,2273.73,427.66,⭐️ 買進標的
2026-06-23,美股模組,BWET,Breakwave Tanker Shipping ETF,217.75,309.17,⭐️ 買進標的
2026-06-23,美股模組,AXTI,"AXT, Inc.",92.44,235.56,⭐️ 買進標的
2026-06-23,美股模組,MU,Micron Technology,1211.38,229.88,⭐️ 買進標的
2026-06-23,美股模組,WDC,Western Digital,732.62,183.48,⭐️ 買進標的
2026-06-23,美股模組,INTC,Intel,140.94,176.9,⭐️ 買進標的
2026-06-23,美股模組,STX,Seagate Technology,1094.04,169.31,⭐️ 買進標的
2026-06-23,美股模組,BE,Bloom Energy Corporation,345.85,167.41,⭐️ 買進標的
2026-06-23,美股模組,DELL,Dell Technologies,418.71,156.2,⭐️ 買進標的
2026-06-23,美股模組,CRDO,Credo Technology Group Holding Ltd,302.52,127.81,⭐️ 買進標的
2026-06-23,台股模組,00631L.TW,元大台灣50正2,40.2,55.95,⭐️ 買進標的
2026-06-23,台股模組,00675L.TW,富邦臺灣加權正2,351.8,56.11,⭐️ 買進標的
2026-06-23,台股模組,6669.TW,緯穎,4675.0,239.92,⭐️ 買進標的
2026-06-23,台股模組,00674R.TW,期元大S&P黃金反1,29.8,237.83,⭐️ 買進標的
2026-06-23,台股模組,2327.TW,國巨*,1020.0,171.21,⭐️ 買進標的
2026-06-23,台股模組,3090.TW,日電貿,302.5,129.06,⭐️ 買進標的
2026-06-23,台股模組,2303.TW,聯電,170.0,121.62,⭐️ 買進標的
2026-06-23,台股模組,2493.TW,揚博,265.0,110.59,⭐️ 買進標的
2026-06-23,台股模組,3481.TW,群創,66.0,104.23,⭐️ 買進標的
2026-06-23,台股模組,4958.TW,臻鼎-KY,587.0,98.32,⭐️ 買進標的
2026-06-23,台股模組,2454.TW,聯發科,4535.0,92.13,⭐️ 買進標的
2026-06-23,台股模組,1303.TW,南亞,154.5,87.63,⭐️ 買進標的
2026-06-23,美股模組,USD,ProShares Ultra Semiconductors,97.67,67.52,⭐️ 買進標的
2026-06-23,美股模組,SOXL,Direxion Daily Semiconductor Bull 3X Shares,232.31,290.15,⭐️ 買進標的 (釘住)
2026-06-23,美股模組,SNDK,Sandisk,1990.9,339.89,⭐️ 買進標的
2026-06-23,美股模組,BWET,Breakwave Tanker Shipping ETF,209.0,308.19,⭐️ 買進標的
2026-06-23,美股模組,MU,Micron Technology,1077.05,180.5,⭐️ 買進標的
2026-06-23,美股模組,INTC,Intel,135.13,164.51,⭐️ 買進標的
2026-06-23,美股模組,AXTI,"AXT, Inc.",81.1,157.23,⭐️ 買進標的
2026-06-23,美股模組,DELL,Dell Technologies,420.0,155.43,⭐️ 買進標的
2026-06-23,美股模組,WDC,Western Digital,663.33,146.92,⭐️ 買進標的
2026-06-23,美股模組,BE,Bloom Energy Corporation,319.02,142.36,⭐️ 買進標的
2026-06-23,美股模組,STX,Seagate Technology,1014.34,141.85,⭐️ 買進標的
2026-06-23,美股模組,LNVGY,Lenovo Group Limited,57.13,116.93,⭐️ 買進標的
2026-06-23,台股模組,00631L.TW,元大台灣50正2,40.2,55.95,⭐️ 買進標的
2026-06-23,台股模組,00675L.TW,富邦臺灣加權正2,351.8,56.11,⭐️ 買進標的
2026-06-23,台股模組,6669.TW,緯穎,4675.0,239.92,⭐️ 買進標的
2026-06-23,台股模組,00674R.TW,期元大S&P黃金反1,29.8,237.83,⭐️ 買進標的
2026-06-23,台股模組,2327.TW,國巨*,1020.0,171.21,⭐️ 買進標的
2026-06-23,台股模組,3090.TW,日電貿,302.5,129.06,⭐️ 買進標的
2026-06-23,台股模組,2303.TW,聯電,170.0,121.62,⭐️ 買進標的
2026-06-23,台股模組,2493.TW,揚博,265.0,110.59,⭐️ 買進標的
2026-06-23,台股模組,3481.TW,群創,66.0,104.23,⭐️ 買進標的
2026-06-23,台股模組,4958.TW,臻鼎-KY,587.0,98.32,⭐️ 買進標的
2026-06-23,台股模組,2454.TW,聯發科,4535.0,92.13,⭐️ 買進標的
2026-06-23,台股模組,1303.TW,南亞,154.5,87.63,⭐️ 買進標的
2026-06-23,美股模組,USD,ProShares Ultra Semiconductors,97.56,67.33,⭐️ 買進標的
2026-06-23,美股模組,SOXL,Direxion Daily Semiconductor Bull 3X Shares,231.45,288.71,⭐️ 買進標的 (釘住)
2026-06-23,美股模組,SNDK,Sandisk,1987.2,339.08,⭐️ 買進標的
2026-06-23,美股模組,BWET,Breakwave Tanker Shipping ETF,203.06,296.59,⭐️ 買進標的
2026-06-23,美股模組,MU,Micron Technology,1078.25,180.81,⭐️ 買進標的
2026-06-23,美股模組,INTC,Intel,135.51,165.26,⭐️ 買進標的
2026-06-23,美股模組,DELL,Dell Technologies,423.52,157.58,⭐️ 買進標的
2026-06-23,美股模組,AXTI,"AXT, Inc.",80.37,154.93,⭐️ 買進標的
2026-06-23,美股模組,WDC,Western Digital,666.17,147.98,⭐️ 買進標的
2026-06-23,美股模組,BE,Bloom Energy Corporation,321.0,143.86,⭐️ 買進標的
2026-06-23,美股模組,STX,Seagate Technology,1015.37,142.1,⭐️ 買進標的
2026-06-23,美股模組,LNVGY,Lenovo Group Limited,57.13,116.93,⭐️ 買進標的
2026-06-24,台股模組,00631L.TW,元大台灣50正2,41.32,61.62,⭐️ 買進標的
2026-06-24,台股模組,00675L.TW,富邦臺灣加權正2,364.0,63.72,⭐️ 買進標的
2026-06-24,台股模組,6669.TW,緯穎,4855.0,260.08,⭐️ 買進標的
2026-06-24,台股模組,00674R.TW,期元大S&P黃金反1,29.36,239.85,⭐️ 買進標的
2026-06-24,台股模組,2327.TW,國巨*,1065.0,188.79,⭐️ 買進標的
2026-06-24,台股模組,3090.TW,日電貿,335.5,154.35,⭐️ 買進標的
2026-06-24,台股模組,4958.TW,臻鼎-KY,622.0,116.16,⭐️ 買進標的
2026-06-24,台股模組,2493.TW,揚博,268.0,113.91,⭐️ 買進標的
2026-06-24,台股模組,3481.TW,群創,66.0,106.83,⭐️ 買進標的
2026-06-24,台股模組,2303.TW,聯電,160.0,105.25,⭐️ 買進標的
2026-06-24,台股模組,2454.TW,聯發科,4465.0,95.77,⭐️ 買進標的
2026-06-24,台股模組,2344.TW,華邦電,222.0,88.83,⭐️ 買進標的
2026-06-24,美股模組,USD,ProShares Ultra Semiconductors,99.48,70.62,⭐️ 買進標的
2026-06-24,美股模組,SOXL,Direxion Daily Semiconductor Bull 3X Shares,241.37,305.37,⭐️ 買進標的
2026-06-24,美股模組,SNDK,Sandisk,2014.1,345.02,⭐️ 買進標的
2026-06-24,美股模組,BWET,Breakwave Tanker Shipping ETF,197.24,285.22,⭐️ 買進標的
2026-06-24,美股模組,MU,Micron Technology,1095.11,185.2,⭐️ 買進標的
2026-06-24,美股模組,INTC,Intel,136.38,166.97,⭐️ 買進標的
2026-06-24,美股模組,DELL,Dell Technologies,431.74,162.57,⭐️ 買進標的
2026-06-24,美股模組,AXTI,"AXT, Inc.",80.43,155.11,⭐️ 買進標的
2026-06-24,美股模組,WDC,Western Digital,676.9,151.97,⭐️ 買進標的
2026-06-24,美股模組,BE,Bloom Energy Corporation,328.25,149.37,⭐️ 買進標的
2026-06-24,美股模組,STX,Seagate Technology,1030.94,145.81,⭐️ 買進標的
2026-06-24,美股模組,LNVGY,Lenovo Group Limited,57.11,116.85,⭐️ 買進標的
2026-06-24,台股模組,00631L.TW,元大台灣50正2,41.32,61.62,⭐️ 買進標的
2026-06-24,台股模組,00675L.TW,富邦臺灣加權正2,364.0,63.72,⭐️ 買進標的
2026-06-24,台股模組,6669.TW,緯穎,4675.0,239.92,⭐️ 買進標的
2026-06-24,台股模組,00674R.TW,期元大S&P黃金反1,29.36,239.85,⭐️ 買進標的
2026-06-24,台股模組,2327.TW,國巨*,1020.0,171.21,⭐️ 買進標的
2026-06-24,台股模組,3090.TW,日電貿,302.5,129.06,⭐️ 買進標的
2026-06-24,台股模組,2303.TW,聯電,170.0,121.62,⭐️ 買進標的
2026-06-24,台股模組,2493.TW,揚博,265.0,110.59,⭐️ 買進標的
2026-06-24,台股模組,3481.TW,群創,66.0,104.23,⭐️ 買進標的
2026-06-24,台股模組,4958.TW,臻鼎-KY,587.0,98.32,⭐️ 買進標的
2026-06-24,台股模組,2454.TW,聯發科,4535.0,92.13,⭐️ 買進標的
2026-06-24,台股模組,1303.TW,南亞,154.5,87.63,⭐️ 買進標的
2026-06-24,美股模組,USD,ProShares Ultra Semiconductors,96.85,66.11,⭐️ 買進標的
2026-06-24,美股模組,SOXL,Direxion Daily Semiconductor Bull 3X Shares,231.42,288.66,⭐️ 買進標的
2026-06-24,美股模組,SNDK,Sandisk,1963.6,333.86,⭐️ 買進標的
2026-06-24,美股模組,BWET,Breakwave Tanker Shipping ETF,205.81,301.96,⭐️ 買進標的
2026-06-24,美股模組,MU,Micron Technology,1051.77,173.91,⭐️ 買進標的
2026-06-24,美股模組,DELL,Dell Technologies,427.78,160.16,⭐️ 買進標的
2026-06-24,美股模組,INTC,Intel,132.28,158.94,⭐️ 買進標的
2026-06-24,美股模組,WDC,Western Digital,670.75,149.69,⭐️ 買進標的
2026-06-24,美股模組,STX,Seagate Technology,1038.59,147.63,⭐️ 買進標的
2026-06-24,美股模組,AXTI,"AXT, Inc.",77.91,147.13,⭐️ 買進標的
2026-06-24,美股模組,BE,Bloom Energy Corporation,321.98,144.61,⭐️ 買進標的
2026-06-24,美股模組,LNVGY,Lenovo Group Limited,57.13,116.93,⭐️ 買進標的
2026-06-24,台股模組,00631L.TW,元大台灣50正2,38.08,49.69,⭐️ 買進標的
2026-06-24,台股模組,00675L.TW,富邦臺灣加權正2,335.05,50.62,⭐️ 買進標的
2026-06-24,台股模組,00674R.TW,期元大S&P黃金反1,30.22,221.39,⭐️ 買進標的
2026-06-24,台股模組,2327.TW,國巨*,1050.0,185.52,⭐️ 買進標的
2026-06-24,台股模組,2303.TW,聯電,178.0,128.17,⭐️ 買進標的
2026-06-24,台股模組,3090.TW,日電貿,303.0,126.96,⭐️ 買進標的
2026-06-24,台股模組,3481.TW,群創,69.4,114.31,⭐️ 買進標的
2026-06-24,台股模組,2493.TW,揚博,265.0,109.93,⭐️ 買進標的
2026-06-24,台股模組,4958.TW,臻鼎-KY,587.0,102.88,⭐️ 買進標的
2026-06-24,台股模組,8454.TW,富邦媒,348.0,97.23,⭐️ 買進標的
2026-06-24,台股模組,1303.TW,南亞,156.0,95.24,⭐️ 買進標的
2026-06-24,台股模組,2059.TW,川湖,7505.0,85.72,⭐️ 買進標的
2026-06-24,美股模組,USD,ProShares Ultra Semiconductors,96.85,66.11,⭐️ 買進標的
2026-06-24,美股模組,SOXL,Direxion Daily Semiconductor Bull 3X Shares,231.42,288.66,⭐️ 買進標的
2026-06-24,美股模組,SNDK,Sandisk,1963.6,333.86,⭐️ 買進標的
2026-06-24,美股模組,BWET,Breakwave Tanker Shipping ETF,205.81,301.96,⭐️ 買進標的
2026-06-24,美股模組,MU,Micron Technology,1051.77,173.91,⭐️ 買進標的
2026-06-24,美股模組,DELL,Dell Technologies,427.78,160.16,⭐️ 買進標的
2026-06-24,美股模組,INTC,Intel,132.28,158.94,⭐️ 買進標的
2026-06-24,美股模組,WDC,Western Digital,670.75,149.69,⭐️ 買進標的
2026-06-24,美股模組,STX,Seagate Technology,1038.59,147.63,⭐️ 買進標的
2026-06-24,美股模組,AXTI,"AXT, Inc.",77.91,147.13,⭐️ 買進標的
2026-06-24,美股模組,BE,Bloom Energy Corporation,321.98,144.61,⭐️ 買進標的
2026-06-24,美股模組,LNVGY,Lenovo Group Limited,57.16,117.04,⭐️ 買進標的
2026-06-25,台股模組,00631L.TW,元大台灣50正2,40.2,55.95,⭐️ 買進標的
2026-06-25,台股模組,00675L.TW,富邦臺灣加權正2,351.8,56.11,⭐️ 買進標的
2026-06-25,台股模組,00674R.TW,期元大S&P黃金反1,29.8,237.83,⭐️ 買進標的
2026-06-25,台股模組,2327.TW,國巨*,1050.0,185.52,⭐️ 買進標的
2026-06-25,台股模組,2303.TW,聯電,178.0,128.17,⭐️ 買進標的
2026-06-25,台股模組,3090.TW,日電貿,303.0,126.96,⭐️ 買進標的
2026-06-25,台股模組,3481.TW,群創,69.4,114.31,⭐️ 買進標的
2026-06-25,台股模組,2493.TW,揚博,265.0,109.93,⭐️ 買進標的
2026-06-25,台股模組,4958.TW,臻鼎-KY,587.0,102.88,⭐️ 買進標的
2026-06-25,台股模組,8454.TW,富邦媒,348.0,97.23,⭐️ 買進標的
2026-06-25,台股模組,1303.TW,南亞,156.0,95.24,⭐️ 買進標的
2026-06-25,台股模組,2059.TW,川湖,7505.0,85.72,⭐️ 買進標的
2026-06-25,美股模組,USD,ProShares Ultra Semiconductors,96.1,59.97,⭐️ 買進標的
2026-06-25,美股模組,SOXL,Direxion Daily Semiconductor Bull 3X Shares,229.57,262.81,⭐️ 買進標的
2026-06-25,美股模組,SNDK,Sandisk,1914.46,302.57,⭐️ 買進標的
2026-06-25,美股模組,MU,Micron Technology,1048.51,166.48,⭐️ 買進標的
2026-06-25,美股模組,INTC,Intel,131.65,155.4,⭐️ 買進標的
2026-06-25,美股模組,DELL,Dell Technologies,434.06,146.36,⭐️ 買進標的
2026-06-25,美股模組,WDC,Western Digital,643.83,134.24,⭐️ 買進標的
2026-06-25,美股模組,BE,Bloom Energy Corporation,326.19,132.89,⭐️ 買進標的
2026-06-25,美股模組,STX,Seagate Technology,993.25,130.99,⭐️ 買進標的
2026-06-25,美股模組,LNVGY,Lenovo Group Limited,58.3,112.42,⭐️ 買進標的
2026-06-25,美股模組,AXTI,"AXT, Inc.",70.14,110.35,⭐️ 買進標的
2026-06-25,美股模組,AMD,Advanced Micro Devices,519.74,102.59,⭐️ 買進標的
2026-06-25,台股模組,00631L.TW,元大台灣50正2,38.16,50.19,⭐️ 買進標的
2026-06-25,台股模組,00675L.TW,富邦臺灣加權正2,337.2,51.54,⭐️ 買進標的
2026-06-25,台股模組,00674R.TW,期元大S&P黃金反1,30.82,226.37,⭐️ 買進標的
2026-06-25,台股模組,2327.TW,國巨*,1125.0,211.87,⭐️ 買進標的
2026-06-25,台股模組,3090.TW,日電貿,321.0,144.98,⭐️ 買進標的
2026-06-25,台股模組,3481.TW,群創,70.9,127.4,⭐️ 買進標的
2026-06-25,台股模組,2303.TW,聯電,178.5,126.36,⭐️ 買進標的
2026-06-25,台股模組,2493.TW,揚博,288.5,124.96,⭐️ 買進標的
2026-06-25,台股模組,4958.TW,臻鼎-KY,602.0,109.96,⭐️ 買進標的
2026-06-25,台股模組,1303.TW,南亞,155.0,92.54,⭐️ 買進標的
2026-06-25,台股模組,8454.TW,富邦媒,338.5,89.87,⭐️ 買進標的
2026-06-25,台股模組,2408.TW,南亞科,477.0,88.74,⭐️ 買進標的
2026-06-25,美股模組,USD,ProShares Ultra Semiconductors,96.1,60.21,⭐️ 買進標的
2026-06-25,美股模組,SOXL,Direxion Daily Semiconductor Bull 3X Shares,229.57,262.81,⭐️ 買進標的
2026-06-25,美股模組,SNDK,Sandisk,1914.46,302.57,⭐️ 買進標的
2026-06-25,美股模組,BWET,Breakwave Tanker Shipping ETF,167.55,222.46,⭐️ 買進標的
2026-06-25,美股模組,MU,Micron Technology,1048.51,166.48,⭐️ 買進標的
2026-06-25,美股模組,INTC,Intel,131.65,155.4,⭐️ 買進標的
2026-06-25,美股模組,DELL,Dell Technologies,434.06,146.36,⭐️ 買進標的
2026-06-25,美股模組,WDC,Western Digital,643.83,134.24,⭐️ 買進標的
2026-06-25,美股模組,BE,Bloom Energy Corporation,326.19,132.89,⭐️ 買進標的
2026-06-25,美股模組,STX,Seagate Technology,993.25,131.15,⭐️ 買進標的
2026-06-25,美股模組,LNVGY,Lenovo Group Limited,58.3,112.42,⭐️ 買進標的
2026-06-25,美股模組,AXTI,"AXT, Inc.",70.14,110.35,⭐️ 買進標的
2026-06-26,台股模組,00631L.TW,元大台灣50正2,38.08,49.69,⭐️ 買進標的
2026-06-26,台股模組,00675L.TW,富邦臺灣加權正2,335.05,50.62,⭐️ 買進標的
2026-06-26,台股模組,00674R.TW,期元大S&P黃金反1,30.22,221.39,⭐️ 買進標的
2026-06-26,台股模組,2327.TW,國巨*,1125.0,211.87,⭐️ 買進標的
2026-06-26,台股模組,3090.TW,日電貿,321.0,144.98,⭐️ 買進標的
2026-06-26,台股模組,3481.TW,群創,70.9,127.4,⭐️ 買進標的
2026-06-26,台股模組,2303.TW,聯電,178.5,126.36,⭐️ 買進標的
2026-06-26,台股模組,2493.TW,揚博,288.5,124.96,⭐️ 買進標的
2026-06-26,台股模組,4958.TW,臻鼎-KY,602.0,109.96,⭐️ 買進標的
2026-06-26,台股模組,1303.TW,南亞,155.0,92.54,⭐️ 買進標的
2026-06-26,台股模組,8454.TW,富邦媒,338.5,89.87,⭐️ 買進標的
2026-06-26,台股模組,2408.TW,南亞科,477.0,88.74,⭐️ 買進標的
2026-06-26,美股模組,USD,ProShares Ultra Semiconductors,100.65,62.46,⭐️ 買進標的
2026-06-26,美股模組,SOXL,Direxion Daily Semiconductor Bull 3X Shares,252.61,279.56,⭐️ 買進標的
2026-06-26,美股模組,SNDK,Sandisk,2335.0,386.68,⭐️ 買進標的
2026-06-26,美股模組,DD,DuPont,137.8,212.03,⭐️ 買進標的
2026-06-26,美股模組,BWET,Breakwave Tanker Shipping ETF,150.0,211.5,⭐️ 買進標的
2026-06-26,美股模組,MU,Micron Technology,1213.56,197.44,⭐️ 買進標的
2026-06-26,美股模組,INTC,Intel,132.87,151.51,⭐️ 買進標的
2026-06-26,美股模組,WDC,Western Digital,675.39,146.42,⭐️ 買進標的
2026-06-26,美股模組,STX,Seagate Technology,1025.36,144.66,⭐️ 買進標的
2026-06-26,美股模組,DELL,Dell Technologies,409.45,127.74,⭐️ 買進標的
2026-06-26,美股模組,BE,Bloom Energy Corporation,309.18,114.39,⭐️ 買進標的
2026-06-26,美股模組,LNVGY,Lenovo Group Limited,60.5,112.38,⭐️ 買進標的
2026-06-26,台股模組,00631L.TW,元大台灣50正2,35.26,36.87,⭐️ 買進標的
2026-06-26,台股模組,00675L.TW,富邦臺灣加權正2,309.0,31.99,⭐️ 買進標的
2026-06-26,台股模組,00674R.TW,期元大S&P黃金反1,30.59,237.04,⭐️ 買進標的
2026-06-26,台股模組,2327.TW,國巨*,1015.0,169.51,⭐️ 買進標的
2026-06-26,台股模組,3090.TW,日電貿,310.0,132.7,⭐️ 買進標的
2026-06-26,台股模組,2493.TW,揚博,272.0,110.28,⭐️ 買進標的
2026-06-26,台股模組,2303.TW,聯電,164.0,95.89,⭐️ 買進標的
2026-06-26,台股模組,3481.TW,群創,65.0,95.87,⭐️ 買進標的
2026-06-26,台股模組,4958.TW,臻鼎-KY,580.0,95.6,⭐️ 買進標的
2026-06-26,台股模組,8454.TW,富邦媒,325.5,79.88,⭐️ 買進標的
2026-06-26,台股模組,1303.TW,南亞,148.0,74.86,⭐️ 買進標的
2026-06-26,台股模組,3008.TW,大立光,4720.0,73.64,⭐️ 買進標的
2026-06-26,美股模組,USD,ProShares Ultra Semiconductors,100.65,62.46,⭐️ 買進標的
2026-06-26,美股模組,SOXL,Direxion Daily Semiconductor Bull 3X Shares,252.61,279.56,❌ 跌破TWII濾網
2026-06-26,美股模組,SNDK,Sandisk,2335.0,386.68,⭐️ 買進標的
2026-06-26,美股模組,BWET,Breakwave Tanker Shipping ETF,150.0,211.5,⭐️ 買進標的
2026-06-26,美股模組,DD,DuPont,137.8,206.63,⭐️ 買進標的
2026-06-26,美股模組,MU,Micron Technology,1213.56,197.44,⭐️ 買進標的
2026-06-26,美股模組,INTC,Intel,132.87,151.51,⭐️ 買進標的
2026-06-26,美股模組,WDC,Western Digital,675.39,146.42,⭐️ 買進標的
2026-06-26,美股模組,STX,Seagate Technology,1025.36,144.66,⭐️ 買進標的
2026-06-26,美股模組,DELL,Dell Technologies,409.45,127.74,⭐️ 買進標的
2026-06-26,美股模組,BE,Bloom Energy Corporation,309.18,114.39,⭐️ 買進標的
2026-06-26,美股模組,LNVGY,Lenovo Group Limited,60.5,112.38,⭐️ 買進標的
2026-06-29,台股模組,00631L.TW,元大台灣50正2,35.26,36.87,⭐️ 買進標的
2026-06-29,台股模組,00675L.TW,富邦臺灣加權正2,309.0,31.99,⭐️ 買進標的
2026-06-29,台股模組,00674R.TW,期元大S&P黃金反1,30.59,237.04,⭐️ 買進標的
2026-06-29,台股模組,2327.TW,國巨*,1015.0,169.51,⭐️ 買進標的
2026-06-29,台股模組,3090.TW,日電貿,310.0,132.7,⭐️ 買進標的
2026-06-29,台股模組,2493.TW,揚博,272.0,110.28,⭐️ 買進標的
2026-06-29,台股模組,2303.TW,聯電,164.0,95.89,⭐️ 買進標的
2026-06-29,台股模組,3481.TW,群創,65.0,95.87,⭐️ 買進標的
2026-06-29,台股模組,4958.TW,臻鼎-KY,580.0,95.6,⭐️ 買進標的
2026-06-29,台股模組,8454.TW,富邦媒,325.5,79.88,⭐️ 買進標的
2026-06-29,台股模組,1303.TW,南亞,148.0,74.86,⭐️ 買進標的
2026-06-29,台股模組,3008.TW,大立光,4720.0,73.64,⭐️ 買進標的
2026-06-29,美股模組,USD,ProShares Ultra Semiconductors,92.56,53.39,⭐️ 買進標的
2026-06-29,美股模組,SOXL,Direxion Daily Semiconductor Bull 3X Shares,215.6,244.18,❌ 跌破TWII濾網
2026-06-29,美股模組,SNDK,Sandisk,2090.71,343.94,⭐️ 買進標的
2026-06-29,美股模組,MU,Micron Technology,1132.33,183.62,⭐️ 買進標的
2026-06-29,美股模組,BWET,Breakwave Tanker Shipping ETF,128.0,183.12,⭐️ 買進標的
2026-06-29,美股模組,INTC,Intel,128.32,149.79,⭐️ 買進標的
2026-06-29,美股模組,DELL,Dell Technologies,399.49,124.71,⭐️ 買進標的
2026-06-29,美股模組,STX,Seagate Technology,899.9,120.33,⭐️ 買進標的
2026-06-29,美股模組,AXTI,"AXT, Inc.",70.15,118.73,⭐️ 買進標的
2026-06-29,美股模組,WDC,Western Digital,586.45,118.13,⭐️ 買進標的
2026-06-29,美股模組,HON,Honeywell,464.42,117.23,⭐️ 買進標的
2026-06-29,美股模組,LNVGY,Lenovo Group Limited,60.47,110.18,⭐️ 買進標的
2026-06-29,台股模組,00631L.TW,元大台灣50正2,36.28,42.68,⭐️ 買進標的
2026-06-29,台股模組,00675L.TW,富邦臺灣加權正2,318.6,39.21,⭐️ 買進標的
2026-06-29,台股模組,00674R.TW,期元大S&P黃金反1,30.34,228.59,⭐️ 買進標的
2026-06-29,台股模組,2327.TW,國巨*,1040.0,170.48,⭐️ 買進標的
2026-06-29,台股模組,3090.TW,日電貿,304.0,137.23,⭐️ 買進標的
2026-06-29,台股模組,3481.TW,群創,67.0,110.96,⭐️ 買進標的
2026-06-29,台股模組,2493.TW,揚博,266.0,105.89,⭐️ 買進標的
2026-06-29,台股模組,2303.TW,聯電,164.0,98.64,⭐️ 買進標的
2026-06-29,台股模組,4958.TW,臻鼎-KY,573.0,91.37,⭐️ 買進標的
2026-06-29,台股模組,1303.TW,南亞,151.5,84.97,⭐️ 買進標的
2026-06-29,台股模組,2344.TW,華邦電,203.0,76.77,⭐️ 買進標的
2026-06-29,台股模組,2409.TW,友達,30.6,75.55,⭐️ 買進標的
2026-06-29,美股模組,USD,ProShares Ultra Semiconductors,92.56,53.39,⭐️ 買進標的
2026-06-29,美股模組,SOXL,Direxion Daily Semiconductor Bull 3X Shares,215.6,244.18,❌ 跌破TWII濾網
2026-06-29,美股模組,SNDK,Sandisk,2090.71,343.94,⭐️ 買進標的
2026-06-29,美股模組,MU,Micron Technology,1132.33,183.62,⭐️ 買進標的
2026-06-29,美股模組,BWET,Breakwave Tanker Shipping ETF,128.0,183.12,⭐️ 買進標的
2026-06-29,美股模組,INTC,Intel,128.32,149.79,⭐️ 買進標的
2026-06-29,美股模組,DELL,Dell Technologies,399.49,124.71,⭐️ 買進標的
2026-06-29,美股模組,STX,Seagate Technology,899.9,120.33,⭐️ 買進標的
2026-06-29,美股模組,AXTI,"AXT, Inc.",70.15,118.73,⭐️ 買進標的
2026-06-29,美股模組,WDC,Western Digital,586.45,118.13,⭐️ 買進標的
2026-06-29,美股模組,HON,Honeywell,464.42,117.23,⭐️ 買進標的
2026-06-29,美股模組,LNVGY,Lenovo Group Limited,60.47,110.18,⭐️ 買進標的
2026-06-30,台股模組,00631L.TW,元大台灣50正2,36.28,42.68,⭐️ 買進標的
2026-06-30,台股模組,00675L.TW,富邦臺灣加權正2,318.6,39.21,⭐️ 買進標的
2026-06-30,台股模組,00674R.TW,期元大S&P黃金反1,30.59,237.04,⭐️ 買進標的
2026-06-30,台股模組,2327.TW,國巨*,1040.0,170.48,⭐️ 買進標的
2026-06-30,台股模組,3090.TW,日電貿,304.0,137.23,⭐️ 買進標的
2026-06-30,台股模組,3481.TW,群創,67.0,110.96,⭐️ 買進標的
2026-06-30,台股模組,2493.TW,揚博,266.0,105.89,⭐️ 買進標的
2026-06-30,台股模組,2303.TW,聯電,164.0,98.64,⭐️ 買進標的
2026-06-30,台股模組,4958.TW,臻鼎-KY,573.0,91.37,⭐️ 買進標的
2026-06-30,台股模組,1303.TW,南亞,151.5,84.97,⭐️ 買進標的
2026-06-30,台股模組,2344.TW,華邦電,203.0,76.77,⭐️ 買進標的
2026-06-30,台股模組,2409.TW,友達,30.6,75.55,⭐️ 買進標的
2026-06-30,美股模組,USD,ProShares Ultra Semiconductors,98.04,64.53,⭐️ 買進標的
2026-06-30,美股模組,SOXL,Direxion Daily Semiconductor Bull 3X Shares,236.52,282.58,❌ 跌破TWII濾網
2026-06-30,美股模組,SNDK,Sandisk,2050.39,325.91,⭐️ 買進標的
2026-06-30,美股模組,BWET,Breakwave Tanker Shipping ETF,154.12,226.47,⭐️ 買進標的
2026-06-30,美股模組,MU,Micron Technology,1145.28,181.53,⭐️ 買進標的
2026-06-30,美股模組,INTC,Intel,131.72,159.54,⭐️ 買進標的
2026-06-30,美股模組,WDC,Western Digital,651.88,140.96,⭐️ 買進標的
2026-06-30,美股模組,STX,Seagate Technology,968.53,135.14,⭐️ 買進標的
2026-06-30,美股模組,DELL,Dell Technologies,414.61,132.74,⭐️ 買進標的
2026-06-30,美股模組,AXTI,"AXT, Inc.",71.46,118.57,⭐️ 買進標的
2026-06-30,美股模組,AMAT,Applied Materials,694.64,109.26,⭐️ 買進標的
2026-06-30,美股模組,AMD,Advanced Micro Devices,539.49,107.37,⭐️ 買進標的
2026-06-30,台股模組,00631L.TW,元大台灣50正2,38.42,47.37,⭐️ 買進標的
2026-06-30,台股模組,00675L.TW,富邦臺灣加權正2,338.4,45.48,⭐️ 買進標的
2026-06-30,台股模組,00674R.TW,期元大S&P黃金反1,30.88,233.55,⭐️ 買進標的
2026-06-30,台股模組,2327.TW,國巨*,1140.0,198.59,⭐️ 買進標的
2026-06-30,台股模組,3090.TW,日電貿,322.5,137.86,⭐️ 買進標的
2026-06-30,台股模組,2493.TW,揚博,292.5,120.26,⭐️ 買進標的
2026-06-30,台股模組,3481.TW,群創,68.7,110.62,⭐️ 買進標的
2026-06-30,台股模組,4958.TW,臻鼎-KY,630.0,99.48,⭐️ 買進標的
2026-06-30,台股模組,2303.TW,聯電,164.5,99.22,⭐️ 買進標的
2026-06-30,台股模組,1303.TW,南亞,166.5,97.06,⭐️ 買進標的
2026-06-30,台股模組,3189.TW,景碩,891.0,87.67,⭐️ 買進標的
2026-06-30,台股模組,2409.TW,友達,32.7,84.63,⭐️ 買進標的
2026-06-30,美股模組,USD,ProShares Ultra Semiconductors,98.04,64.53,⭐️ 買進標的
2026-06-30,美股模組,SOXL,Direxion Daily Semiconductor Bull 3X Shares,236.52,282.58,⭐️ 買進標的
2026-06-30,美股模組,SNDK,Sandisk,2050.39,325.91,⭐️ 買進標的
2026-06-30,美股模組,BWET,Breakwave Tanker Shipping ETF,154.12,226.47,⭐️ 買進標的
2026-06-30,美股模組,MU,Micron Technology,1145.28,181.53,⭐️ 買進標的
2026-06-30,美股模組,INTC,Intel,131.72,159.54,⭐️ 買進標的
2026-06-30,美股模組,WDC,Western Digital,651.88,140.96,⭐️ 買進標的
2026-06-30,美股模組,STX,Seagate Technology,968.53,135.14,⭐️ 買進標的
2026-06-30,美股模組,DELL,Dell Technologies,414.61,132.74,⭐️ 買進標的
2026-06-30,美股模組,AXTI,"AXT, Inc.",71.46,118.57,⭐️ 買進標的
2026-06-30,美股模組,AMAT,Applied Materials,694.64,109.26,⭐️ 買進標的
2026-06-30,美股模組,AMD,Advanced Micro Devices,539.49,107.37,⭐️ 買進標的
2026-07-01,台股模組,00631L.TW,元大台灣50正2,36.28,42.68,⭐️ 買進標的
2026-07-01,台股模組,00675L.TW,富邦臺灣加權正2,318.6,39.21,⭐️ 買進標的
2026-07-01,台股模組,00674R.TW,期元大S&P黃金反1,30.34,228.59,⭐️ 買進標的
2026-07-01,台股模組,2327.TW,國巨*,1140.0,198.59,⭐️ 買進標的
2026-07-01,台股模組,3090.TW,日電貿,322.5,137.86,⭐️ 買進標的
2026-07-01,台股模組,2493.TW,揚博,292.5,120.26,⭐️ 買進標的
2026-07-01,台股模組,3481.TW,群創,68.7,110.62,⭐️ 買進標的
2026-07-01,台股模組,4958.TW,臻鼎-KY,630.0,99.48,⭐️ 買進標的
2026-07-01,台股模組,2303.TW,聯電,164.5,99.22,⭐️ 買進標的
2026-07-01,台股模組,1303.TW,南亞,166.5,97.06,⭐️ 買進標的
2026-07-01,台股模組,3189.TW,景碩,891.0,87.67,⭐️ 買進標的
2026-07-01,台股模組,2409.TW,友達,32.7,84.63,⭐️ 買進標的
2026-07-01,美股模組,USD,ProShares Ultra Semiconductors,104.26,78.45,⭐️ 買進標的
2026-07-01,美股模組,SOXL,Direxion Daily Semiconductor Bull 3X Shares,266.71,359.59,❌ 跌破TWII濾網
2026-07-01,美股模組,SNDK,Sandisk,2273.73,380.2,⭐️ 買進標的
2026-07-01,美股模組,BWET,Breakwave Tanker Shipping ETF,148.38,214.04,⭐️ 買進標的
2026-07-01,美股模組,MU,Micron Technology,1154.29,194.41,⭐️ 買進標的
2026-07-01,美股模組,INTC,Intel,139.63,182.15,⭐️ 買進標的
2026-07-01,美股模組,WDC,Western Digital,638.72,142.07,⭐️ 買進標的
2026-07-01,美股模組,STX,Seagate Technology,965.0,138.06,⭐️ 買進標的
2026-07-01,美股模組,DELL,Dell Technologies,431.46,133.9,⭐️ 買進標的
2026-07-01,美股模組,BE,Bloom Energy Corporation,302.7,131.72,⭐️ 買進標的
2026-07-01,美股模組,AMD,Advanced Micro Devices,580.91,126.36,⭐️ 買進標的
2026-07-01,美股模組,AXTI,"AXT, Inc.",72.08,125.18,⭐️ 買進標的
2026-07-01,台股模組,00631L.TW,元大台灣50正2,39.48,50.25,⭐️ 買進標的
2026-07-01,台股模組,00675L.TW,富邦臺灣加權正2,345.8,50.93,⭐️ 買進標的
2026-07-01,台股模組,00674R.TW,期元大S&P黃金反1,30.96,238.73,⭐️ 買進標的
2026-07-01,台股模組,2327.TW,國巨*,1140.0,195.19,⭐️ 買進標的
2026-07-01,台股模組,2493.TW,揚博,317.0,149.68,⭐️ 買進標的
2026-07-01,台股模組,3090.TW,日電貿,316.0,136.65,⭐️ 買進標的
2026-07-01,台股模組,2303.TW,聯電,169.0,106.12,⭐️ 買進標的
2026-07-01,台股模組,3481.TW,群創,67.4,101.61,⭐️ 買進標的
2026-07-01,台股模組,1303.TW,南亞,183.0,97.52,⭐️ 買進標的
2026-07-01,台股模組,2454.TW,聯發科,4335.0,91.13,⭐️ 買進標的
2026-07-01,台股模組,4958.TW,臻鼎-KY,603.0,89.42,⭐️ 買進標的
2026-07-01,台股模組,3189.TW,景碩,888.0,85.5,⭐️ 買進標的
2026-07-01,美股模組,USD,ProShares Ultra Semiconductors,104.26,78.45,⭐️ 買進標的
2026-07-01,美股模組,SOXL,Direxion Daily Semiconductor Bull 3X Shares,266.71,359.59,⭐️ 買進標的
2026-07-01,美股模組,SNDK,Sandisk,2273.73,380.2,⭐️ 買進標的
2026-07-01,美股模組,BWET,Breakwave Tanker Shipping ETF,148.38,214.04,⭐️ 買進標的
2026-07-01,美股模組,MU,Micron Technology,1154.29,194.41,⭐️ 買進標的
2026-07-01,美股模組,INTC,Intel,139.63,182.15,⭐️ 買進標的
2026-07-01,美股模組,WDC,Western Digital,638.72,142.07,⭐️ 買進標的
2026-07-01,美股模組,STX,Seagate Technology,965.0,138.06,⭐️ 買進標的
2026-07-01,美股模組,DELL,Dell Technologies,431.46,133.9,⭐️ 買進標的
2026-07-01,美股模組,BE,Bloom Energy Corporation,302.7,131.72,⭐️ 買進標的
2026-07-01,美股模組,AMD,Advanced Micro Devices,580.91,126.36,⭐️ 買進標的
2026-07-01,美股模組,AXTI,"AXT, Inc.",72.08,125.18,⭐️ 買進標的
2026-07-02,台股模組,00631L.TW,元大台灣50正2,38.42,47.37,⭐️ 買進標的
2026-07-02,台股模組,00675L.TW,富邦臺灣加權正2,338.4,45.48,⭐️ 買進標的
2026-07-02,台股模組,00674R.TW,期元大S&P黃金反1,30.88,233.55,⭐️ 買進標的
2026-07-02,台股模組,2327.TW,國巨*,1140.0,195.19,⭐️ 買進標的
2026-07-02,台股模組,2493.TW,揚博,317.0,149.68,⭐️ 買進標的
2026-07-02,台股模組,3090.TW,日電貿,311.2,136.65,⭐️ 買進標的
2026-07-02,台股模組,2303.TW,聯電,169.0,106.12,⭐️ 買進標的
2026-07-02,台股模組,3481.TW,群創,67.4,101.61,⭐️ 買進標的
2026-07-02,台股模組,1303.TW,南亞,183.0,97.52,⭐️ 買進標的
2026-07-02,台股模組,2454.TW,聯發科,4335.0,91.13,⭐️ 買進標的
2026-07-02,台股模組,4958.TW,臻鼎-KY,603.0,89.42,⭐️ 買進標的
2026-07-02,台股模組,3189.TW,景碩,886.48,85.5,⭐️ 買進標的
2026-07-02,美股模組,USD,ProShares Ultra Semiconductors,94.8,54.18,⭐️ 買進標的
2026-07-02,美股模組,SOXL,Direxion Daily Semiconductor Bull 3X Shares,217.55,248.79,⭐️ 買進標的
2026-07-02,美股模組,SNDK,Sandisk,2032.22,322.42,⭐️ 買進標的
2026-07-02,美股模組,BWET,Breakwave Tanker Shipping ETF,148.98,230.47,⭐️ 買進標的
2026-07-02,美股模組,MU,Micron Technology,1032.28,152.02,⭐️ 買進標的
2026-07-02,美股模組,INTC,Intel,127.02,150.1,⭐️ 買進標的
2026-07-02,美股模組,DELL,Dell Technologies,425.25,129.1,⭐️ 買進標的
2026-07-02,美股模組,WDC,Western Digital,598.37,121.37,⭐️ 買進標的
2026-07-02,美股模組,STX,Seagate Technology,915.19,119.78,⭐️ 買進標的
2026-07-02,美股模組,BE,Bloom Energy Corporation,289.5,115.66,⭐️ 買進標的
2026-07-02,美股模組,AMD,Advanced Micro Devices,540.88,107.59,⭐️ 買進標的
2026-07-02,美股模組,AXTI,"AXT, Inc.",65.03,106.4,⭐️ 買進標的
2026-07-02,台股模組,00631L.TW,元大台灣50正2,38.88,52.21,⭐️ 買進標的
2026-07-02,台股模組,00675L.TW,富邦臺灣加權正2,340.8,52.41,⭐️ 買進標的
2026-07-02,台股模組,00674R.TW,期元大S&P黃金反1,30.27,233.56,⭐️ 買進標的
2026-07-02,台股模組,2327.TW,國巨*,1055.0,180.99,⭐️ 買進標的
2026-07-02,台股模組,2493.TW,揚博,324.5,164.17,⭐️ 買進標的
2026-07-02,台股模組,3090.TW,日電貿,311.0,146.25,⭐️ 買進標的
2026-07-02,台股模組,1303.TW,南亞,197.0,120.84,⭐️ 買進標的
2026-07-02,台股模組,3481.TW,群創,67.6,106.52,⭐️ 買進標的
2026-07-02,台股模組,2303.TW,聯電,165.5,104.94,⭐️ 買進標的
2026-07-02,台股模組,4958.TW,臻鼎-KY,598.0,103.68,⭐️ 買進標的
2026-07-02,台股模組,2059.TW,川湖,7880.0,101.73,⭐️ 買進標的
2026-07-02,台股模組,2454.TW,聯發科,4345.0,93.82,⭐️ 買進標的
2026-07-02,美股模組,USD,ProShares Ultra Semiconductors,94.8,54.18,⭐️ 買進標的
2026-07-02,美股模組,SOXL,Direxion Daily Semiconductor Bull 3X Shares,217.55,248.79,⭐️ 買進標的
2026-07-02,美股模組,SNDK,Sandisk,2032.22,322.42,⭐️ 買進標的
2026-07-02,美股模組,BWET,Breakwave Tanker Shipping ETF,148.98,230.47,⭐️ 買進標的
2026-07-02,美股模組,MU,Micron Technology,1032.28,152.02,⭐️ 買進標的
2026-07-02,美股模組,INTC,Intel,127.02,150.1,⭐️ 買進標的
2026-07-02,美股模組,DELL,Dell Technologies,425.25,129.1,⭐️ 買進標的
2026-07-02,美股模組,WDC,Western Digital,598.37,121.37,⭐️ 買進標的
2026-07-02,美股模組,STX,Seagate Technology,915.19,119.78,⭐️ 買進標的
2026-07-02,美股模組,BE,Bloom Energy Corporation,289.5,115.66,⭐️ 買進標的
2026-07-02,美股模組,AMD,Advanced Micro Devices,540.88,107.59,⭐️ 買進標的
2026-07-02,美股模組,AXTI,"AXT, Inc.",65.03,106.4,⭐️ 買進標的
2026-07-03,台股模組,00631L.TW,元大台灣50正2,39.49,50.29,⭐️ 買進標的
2026-07-03,台股模組,00675L.TW,富邦臺灣加權正2,345.47,50.79,⭐️ 買進標的
2026-07-03,台股模組,00643K.TW,群益深証中小+R,20.86,418.27,⭐️ 買進標的
2026-07-03,台股模組,00625K.TW,富邦上証+R(人民幣),42.2,388.8,⭐️ 買進標的
2026-07-03,台股模組,00657K.TW,國泰日經225+U(美元),82.22,280.63,⭐️ 買進標的
2026-07-03,台股模組,00674R.TW,期元大S&P黃金反1,30.22,230.64,⭐️ 買進標的
2026-07-03,台股模組,2327.TW,國巨*,1055.0,180.99,⭐️ 買進標的
2026-07-03,台股模組,2493.TW,揚博,324.5,164.17,⭐️ 買進標的
2026-07-03,台股模組,3090.TW,日電貿,311.0,146.25,⭐️ 買進標的
2026-07-03,台股模組,1303.TW,南亞,197.0,120.84,⭐️ 買進標的
2026-07-03,台股模組,3481.TW,群創,67.6,106.52,⭐️ 買進標的
2026-07-03,台股模組,2303.TW,聯電,165.5,104.94,⭐️ 買進標的
2026-07-03,美股模組,USD,ProShares Ultra Semiconductors,87.51,39.02,⭐️ 買進標的
2026-07-03,美股模組,SOXL,Direxion Daily Semiconductor Bull 3X Shares,181.47,176.98,⭐️ 買進標的
2026-07-03,美股模組,BWET,Breakwave Tanker Shipping ETF,170.55,276.03,⭐️ 買進標的
2026-07-03,美股模組,SNDK,Sandisk,1745.0,260.0,⭐️ 買進標的
2026-07-03,美股模組,MU,Micron Technology,975.56,130.13,⭐️ 買進標的
2026-07-03,美股模組,INTC,Intel,120.35,128.24,⭐️ 買進標的
2026-07-03,美股模組,DELL,Dell Technologies,394.32,111.56,⭐️ 買進標的
2026-07-03,美股模組,BE,Bloom Energy Corporation,270.89,101.47,⭐️ 買進標的
2026-07-03,美股模組,MRNA,Moderna,79.76,98.82,⭐️ 買進標的
2026-07-03,美股模組,AMD,Advanced Micro Devices,517.82,95.36,⭐️ 買進標的
2026-07-03,美股模組,WDC,Western Digital,539.0,94.4,⭐️ 買進標的
2026-07-03,美股模組,STX,Seagate Technology,820.16,92.03,⭐️ 買進標的
2026-07-03,台股模組,00631L.TW,元大台灣50正2,38.8,41.85,⭐️ 買進標的
2026-07-03,台股模組,00675L.TW,富邦臺灣加權正2,342.7,43.32,⭐️ 買進標的
2026-07-03,台股模組,00674R.TW,期元大S&P黃金反1,29.45,232.18,⭐️ 買進標的
2026-07-03,台股模組,2327.TW,國巨*,1045.0,173.42,⭐️ 買進標的
2026-07-03,台股模組,3090.TW,日電貿,318.5,150.38,⭐️ 買進標的
2026-07-03,台股模組,2493.TW,揚博,314.0,141.25,⭐️ 買進標的
2026-07-03,台股模組,2303.TW,聯電,170.5,113.84,⭐️ 買進標的
2026-07-03,台股模組,1303.TW,南亞,197.0,112.33,⭐️ 買進標的
2026-07-03,台股模組,4958.TW,臻鼎-KY,613.0,101.1,⭐️ 買進標的
2026-07-03,台股模組,3481.TW,群創,66.0,91.62,⭐️ 買進標的
2026-07-03,台股模組,2059.TW,川湖,8000.0,90.54,⭐️ 買進標的
2026-07-03,台股模組,2454.TW,聯發科,4195.0,89.32,⭐️ 買進標的
2026-07-03,美股模組,USD,ProShares Ultra Semiconductors,87.51,39.02,⭐️ 買進標的
2026-07-03,美股模組,SOXL,Direxion Daily Semiconductor Bull 3X Shares,181.47,176.98,⭐️ 買進標的
2026-07-03,美股模組,BWET,Breakwave Tanker Shipping ETF,170.55,276.03,⭐️ 買進標的
2026-07-03,美股模組,SNDK,Sandisk,1745.0,260.0,⭐️ 買進標的
2026-07-03,美股模組,MU,Micron Technology,975.56,130.13,⭐️ 買進標的
2026-07-03,美股模組,INTC,Intel,120.35,128.24,⭐️ 買進標的
2026-07-03,美股模組,DELL,Dell Technologies,394.32,111.56,⭐️ 買進標的
2026-07-03,美股模組,BE,Bloom Energy Corporation,270.89,101.47,⭐️ 買進標的
2026-07-03,美股模組,MRNA,Moderna,79.76,98.82,⭐️ 買進標的
2026-07-03,美股模組,AMD,Advanced Micro Devices,517.82,95.36,⭐️ 買進標的
2026-07-03,美股模組,WDC,Western Digital,539.0,94.4,⭐️ 買進標的
2026-07-03,美股模組,STX,Seagate Technology,820.16,92.03,⭐️ 買進標的
2026-07-06,台股模組,00631L.TW,元大台灣50正2,38.8,41.85,⭐️ 買進標的
2026-07-06,台股模組,00675L.TW,富邦臺灣加權正2,342.7,43.32,⭐️ 買進標的
2026-07-06,台股模組,00674R.TW,期元大S&P黃金反1,29.45,232.18,⭐️ 買進標的
2026-07-06,台股模組,2327.TW,國巨*,1045.0,173.42,⭐️ 買進標的
2026-07-06,台股模組,3090.TW,日電貿,318.5,150.38,⭐️ 買進標的
2026-07-06,台股模組,2493.TW,揚博,314.0,141.25,⭐️ 買進標的
2026-07-06,台股模組,2303.TW,聯電,170.5,113.84,⭐️ 買進標的
2026-07-06,台股模組,1303.TW,南亞,197.0,112.33,⭐️ 買進標的
2026-07-06,台股模組,4958.TW,臻鼎-KY,613.0,101.1,⭐️ 買進標的
2026-07-06,台股模組,3481.TW,群創,66.0,91.62,⭐️ 買進標的
2026-07-06,台股模組,2059.TW,川湖,8000.0,90.54,⭐️ 買進標的
2026-07-06,台股模組,2454.TW,聯發科,4195.0,89.32,⭐️ 買進標的
2026-07-06,美股模組,USD,ProShares Ultra Semiconductors,87.51,39.02,⭐️ 買進標的
2026-07-06,美股模組,SOXL,Direxion Daily Semiconductor Bull 3X Shares,181.47,176.98,⭐️ 買進標的
2026-07-06,美股模組,BWET,Breakwave Tanker Shipping ETF,170.55,276.03,⭐️ 買進標的
2026-07-06,美股模組,SNDK,Sandisk,1745.0,260.0,⭐️ 買進標的
2026-07-06,美股模組,MU,Micron Technology,975.56,130.13,⭐️ 買進標的
2026-07-06,美股模組,INTC,Intel,120.35,128.24,⭐️ 買進標的
2026-07-06,美股模組,DELL,Dell Technologies,394.32,111.56,⭐️ 買進標的
2026-07-06,美股模組,BE,Bloom Energy Corporation,270.89,101.47,⭐️ 買進標的
2026-07-06,美股模組,MRNA,Moderna,79.76,98.82,⭐️ 買進標的
2026-07-06,美股模組,AMD,Advanced Micro Devices,517.82,95.36,⭐️ 買進標的
2026-07-06,美股模組,WDC,Western Digital,539.0,94.4,⭐️ 買進標的
2026-07-06,美股模組,STX,Seagate Technology,820.16,92.03,⭐️ 買進標的
2026-07-06,台股模組,00631L.TW,元大台灣50正2,38.75,47.46,⭐️ 買進標的
2026-07-06,台股模組,00675L.TW,富邦臺灣加權正2,339.8,47.96,⭐️ 買進標的
2026-07-06,台股模組,00674R.TW,期元大S&P黃金反1,29.66,233.58,⭐️ 買進標的
2026-07-06,台股模組,2327.TW,國巨*,1005.0,173.85,⭐️ 買進標的
2026-07-06,台股模組,3090.TW,日電貿,340.0,168.43,⭐️ 買進標的
2026-07-06,台股模組,2303.TW,聯電,166.0,121.25,⭐️ 買進標的
2026-07-06,台股模組,2493.TW,揚博,283.0,116.43,⭐️ 買進標的
2026-07-06,台股模組,3481.TW,群創,69.2,107.05,⭐️ 買進標的
2026-07-06,台股模組,1303.TW,南亞,185.0,103.31,⭐️ 買進標的
2026-07-06,台股模組,2466.TW,冠西電,94.8,101.19,⭐️ 買進標的
2026-07-06,台股模組,4958.TW,臻鼎-KY,579.0,95.71,⭐️ 買進標的
2026-07-06,台股模組,6446.TW,藥華藥,1445.0,91.35,⭐️ 買進標的
2026-07-06,美股模組,USD,ProShares Ultra Semiconductors,87.51,39.02,⭐️ 買進標的
2026-07-06,美股模組,SOXL,Direxion Daily Semiconductor Bull 3X Shares,181.47,176.98,⭐️ 買進標的
2026-07-06,美股模組,BWET,Breakwave Tanker Shipping ETF,170.55,276.03,⭐️ 買進標的
2026-07-06,美股模組,SNDK,Sandisk,1745.0,260.0,⭐️ 買進標的
2026-07-06,美股模組,MU,Micron Technology,975.56,130.13,⭐️ 買進標的
2026-07-06,美股模組,INTC,Intel,120.35,128.24,⭐️ 買進標的
2026-07-06,美股模組,DELL,Dell Technologies,394.32,111.56,⭐️ 買進標的
2026-07-06,美股模組,BE,Bloom Energy Corporation,270.89,101.47,⭐️ 買進標的
2026-07-06,美股模組,MRNA,Moderna,79.76,98.82,⭐️ 買進標的
2026-07-06,美股模組,AMD,Advanced Micro Devices,517.82,95.36,⭐️ 買進標的
2026-07-06,美股模組,WDC,Western Digital,539.0,94.4,⭐️ 買進標的
2026-07-06,美股模組,STX,Seagate Technology,820.16,92.03,⭐️ 買進標的
2026-07-07,台股模組,00631L.TW,元大台灣50正2,38.75,47.46,⭐️ 買進標的
2026-07-07,台股模組,00675L.TW,富邦臺灣加權正2,339.8,47.96,⭐️ 買進標的
2026-07-07,台股模組,00674R.TW,期元大S&P黃金反1,29.45,232.18,⭐️ 買進標的
2026-07-07,台股模組,2327.TW,國巨*,1005.0,173.85,⭐️ 買進標的
2026-07-07,台股模組,3090.TW,日電貿,340.0,168.43,⭐️ 買進標的
2026-07-07,台股模組,2303.TW,聯電,166.0,121.25,⭐️ 買進標的
2026-07-07,台股模組,2493.TW,揚博,283.0,116.43,⭐️ 買進標的
2026-07-07,台股模組,3481.TW,群創,69.2,107.05,⭐️ 買進標的
2026-07-07,台股模組,1303.TW,南亞,185.0,103.31,⭐️ 買進標的
2026-07-07,台股模組,2466.TW,冠西電,94.8,101.19,⭐️ 買進標的
2026-07-07,台股模組,4958.TW,臻鼎-KY,579.0,95.71,⭐️ 買進標的
2026-07-07,台股模組,6446.TW,藥華藥,1445.0,91.35,⭐️ 買進標的
2026-07-07,美股模組,USD,ProShares Ultra Semiconductors,90.36,44.21,⭐️ 買進標的
2026-07-07,美股模組,SOXL,Direxion Daily Semiconductor Bull 3X Shares,194.65,200.5,⭐️ 買進標的
2026-07-07,美股模組,BWET,Breakwave Tanker Shipping ETF,170.04,267.3,⭐️ 買進標的
2026-07-07,美股模組,SNDK,Sandisk,1744.43,259.58,⭐️ 買進標的
2026-07-07,美股模組,MU,Micron Technology,984.75,135.09,⭐️ 買進標的
2026-07-07,美股模組,INTC,Intel,122.2,127.38,⭐️ 買進標的
2026-07-07,美股模組,DELL,Dell Technologies,411.8,121.43,⭐️ 買進標的
2026-07-07,美股模組,BE,Bloom Energy Corporation,295.05,119.93,⭐️ 買進標的
2026-07-07,美股模組,WDC,Western Digital,577.46,109.5,⭐️ 買進標的
2026-07-07,美股模組,AMD,Advanced Micro Devices,552.05,104.45,⭐️ 買進標的
2026-07-07,美股模組,STX,Seagate Technology,868.26,103.6,⭐️ 買進標的
2026-07-07,美股模組,MRNA,Moderna,81.8,103.46,⭐️ 買進標的
2026-07-07,台股模組,00631L.TW,元大台灣50正2,37.19,40.76,⭐️ 買進標的
2026-07-07,台股模組,00675L.TW,富邦臺灣加權正2,323.55,40.0,⭐️ 買進標的
2026-07-07,台股模組,00674R.TW,期元大S&P黃金反1,29.83,233.99,⭐️ 買進標的
2026-07-07,台股模組,3090.TW,日電貿,306.0,141.02,⭐️ 買進標的
2026-07-07,台股模組,2327.TW,國巨*,905.0,137.29,⭐️ 買進標的
2026-07-07,台股模組,2493.TW,揚博,280.5,112.36,⭐️ 買進標的
2026-07-07,台股模組,2059.TW,川湖,8260.0,103.57,⭐️ 買進標的
2026-07-07,台股模組,3481.TW,群創,64.2,97.71,⭐️ 買進標的
2026-07-07,台股模組,6446.TW,藥華藥,1495.0,96.94,⭐️ 買進標的
2026-07-07,台股模組,2303.TW,聯電,155.0,91.87,⭐️ 買進標的
2026-07-07,台股模組,2466.TW,冠西電,92.6,89.08,⭐️ 買進標的
2026-07-07,台股模組,2454.TW,聯發科,4030.0,85.03,⭐️ 買進標的
2026-07-07,美股模組,USD,ProShares Ultra Semiconductors,90.36,44.21,⭐️ 買進標的
2026-07-07,美股模組,SOXL,Direxion Daily Semiconductor Bull 3X Shares,194.65,200.5,❌ 跌破TWII濾網
2026-07-07,美股模組,BWET,Breakwave Tanker Shipping ETF,170.04,267.3,⭐️ 買進標的
2026-07-07,美股模組,SNDK,Sandisk,1744.43,259.58,⭐️ 買進標的
2026-07-07,美股模組,MU,Micron Technology,984.75,135.13,⭐️ 買進標的
2026-07-07,美股模組,INTC,Intel,122.2,127.38,⭐️ 買進標的
2026-07-07,美股模組,DELL,Dell Technologies,411.8,121.43,⭐️ 買進標的
2026-07-07,美股模組,BE,Bloom Energy Corporation,295.05,119.93,⭐️ 買進標的
2026-07-07,美股模組,WDC,Western Digital,577.46,109.5,⭐️ 買進標的
2026-07-07,美股模組,AMD,Advanced Micro Devices,552.05,104.45,⭐️ 買進標的
2026-07-07,美股模組,STX,Seagate Technology,868.26,103.6,⭐️ 買進標的
2026-07-07,美股模組,MRNA,Moderna,81.8,103.46,⭐️ 買進標的
2026-07-08,台股模組,00631L.TW,元大台灣50正2,38.75,47.46,❌ 跌破SOX 10MA(連4日)
2026-07-08,台股模組,00675L.TW,富邦臺灣加權正2,339.8,47.96,❌ 跌破SOX 10MA(連4日)
2026-07-08,台股模組,00674R.TW,期元大S&P黃金反1,29.66,233.58,⭐️ 買進標的
2026-07-08,台股模組,3090.TW,日電貿,306.0,141.02,⭐️ 買進標的
2026-07-08,台股模組,2327.TW,國巨*,905.0,137.29,⭐️ 買進標的
2026-07-08,台股模組,2493.TW,揚博,280.5,112.36,⭐️ 買進標的
2026-07-08,台股模組,2059.TW,川湖,8260.0,103.57,⭐️ 買進標的
2026-07-08,台股模組,3481.TW,群創,64.2,97.71,⭐️ 買進標的
2026-07-08,台股模組,6446.TW,藥華藥,1495.0,96.94,⭐️ 買進標的
2026-07-08,台股模組,2303.TW,聯電,152.39,91.87,⭐️ 買進標的
2026-07-08,台股模組,2466.TW,冠西電,92.6,89.08,⭐️ 買進標的
2026-07-08,台股模組,2454.TW,聯發科,4030.0,85.03,⭐️ 買進標的
2026-07-08,美股模組,USD,ProShares Ultra Semiconductors,85.68,35.28,⭐️ 買進標的
2026-07-08,美股模組,SOXL,Direxion Daily Semiconductor Bull 3X Shares,165.28,138.11,⭐️ 買進標的
2026-07-08,美股模組,BWET,Breakwave Tanker Shipping ETF,177.6,286.35,⭐️ 買進標的
2026-07-08,美股模組,SNDK,Sandisk,1617.7,200.97,⭐️ 買進標的
2026-07-08,美股模組,DELL,Dell Technologies,417.28,123.17,⭐️ 買進標的
2026-07-08,美股模組,MU,Micron Technology,938.38,113.45,⭐️ 買進標的
2026-07-08,美股模組,INTC,Intel,110.39,98.82,⭐️ 買進標的
2026-07-08,美股模組,MRNA,Moderna,79.77,92.23,⭐️ 買進標的
2026-07-08,美股模組,BE,Bloom Energy Corporation,269.57,88.45,⭐️ 買進標的
2026-07-08,美股模組,AMD,Advanced Micro Devices,516.11,88.0,⭐️ 買進標的
2026-07-08,美股模組,STX,Seagate Technology,827.64,86.9,⭐️ 買進標的
2026-07-08,美股模組,WDC,Western Digital,532.1,83.72,⭐️ 買進標的
2026-07-08,台股模組,00631L.TW,元大台灣50正2,37.14,35.93,❌ 跌破SOX 10MA(連4日)
2026-07-08,台股模組,00675L.TW,富邦臺灣加權正2,322.5,35.45,❌ 跌破SOX 10MA(連4日)
2026-07-08,台股模組,00674R.TW,期元大S&P黃金反1,29.82,243.22,⭐️ 買進標的
2026-07-08,台股模組,3090.TW,日電貿,303.5,136.96,⭐️ 買進標的
2026-07-08,台股模組,2327.TW,國巨*,891.0,125.01,⭐️ 買進標的
2026-07-08,台股模組,2303.TW,聯電,163.0,105.98,⭐️ 買進標的
2026-07-08,台股模組,1303.TW,南亞,182.0,101.23,⭐️ 買進標的
2026-07-08,台股模組,6446.TW,藥華藥,1530.0,100.67,⭐️ 買進標的
2026-07-08,台股模組,2493.TW,揚博,270.0,99.2,⭐️ 買進標的
2026-07-08,台股模組,3481.TW,群創,65.2,96.28,⭐️ 買進標的
2026-07-08,台股模組,2466.TW,冠西電,96.9,91.27,⭐️ 買進標的
2026-07-08,台股模組,2059.TW,川湖,8095.0,87.59,⭐️ 買進標的
2026-07-08,美股模組,USD,ProShares Ultra Semiconductors,85.68,35.28,⭐️ 買進標的
2026-07-08,美股模組,SOXL,Direxion Daily Semiconductor Bull 3X Shares,165.28,138.11,❌ 跌破TWII濾網
2026-07-08,美股模組,BWET,Breakwave Tanker Shipping ETF,177.6,286.35,⭐️ 買進標的
2026-07-08,美股模組,SNDK,Sandisk,1617.7,200.97,⭐️ 買進標的
2026-07-08,美股模組,DELL,Dell Technologies,417.28,123.17,⭐️ 買進標的
2026-07-08,美股模組,MU,Micron Technology,938.38,113.45,⭐️ 買進標的
2026-07-08,美股模組,INTC,Intel,110.39,98.82,⭐️ 買進標的
2026-07-08,美股模組,MRNA,Moderna,79.77,92.23,⭐️ 買進標的
2026-07-08,美股模組,BE,Bloom Energy Corporation,269.57,88.45,⭐️ 買進標的
2026-07-08,美股模組,AMD,Advanced Micro Devices,516.11,88.0,⭐️ 買進標的
2026-07-08,美股模組,STX,Seagate Technology,827.64,86.9,⭐️ 買進標的
2026-07-08,美股模組,WDC,Western Digital,532.1,83.68,⭐️ 買進標的
2026-07-09,台股模組,00631L.TW,元大台灣50正2,37.19,40.76,❌ 跌破SOX 10MA(連4日)
2026-07-09,台股模組,00675L.TW,富邦臺灣加權正2,323.55,40.0,❌ 跌破SOX 10MA(連4日)
2026-07-09,台股模組,00674R.TW,期元大S&P黃金反1,29.83,233.99,⭐️ 買進標的
2026-07-09,台股模組,3090.TW,日電貿,303.5,136.96,⭐️ 買進標的
2026-07-09,台股模組,2327.TW,國巨*,891.0,125.01,⭐️ 買進標的
2026-07-09,台股模組,2303.TW,聯電,163.0,105.98,⭐️ 買進標的
2026-07-09,台股模組,1303.TW,南亞,182.0,101.23,⭐️ 買進標的
2026-07-09,台股模組,2493.TW,揚博,266.0,99.2,⭐️ 買進標的
2026-07-09,台股模組,3481.TW,群創,65.2,96.28,⭐️ 買進標的
2026-07-09,台股模組,2466.TW,冠西電,96.9,91.27,⭐️ 買進標的
2026-07-09,台股模組,2059.TW,川湖,8095.0,87.59,⭐️ 買進標的
2026-07-09,台股模組,6446.TW,藥華藥,1377.79,80.9,⭐️ 買進標的
2026-07-09,美股模組,USD,ProShares Ultra Semiconductors,90.55,46.98,⭐️ 買進標的
2026-07-09,美股模組,SOXL,Direxion Daily Semiconductor Bull 3X Shares,174.82,153.36,❌ 跌破TWII濾網
2026-07-09,美股模組,BWET,Breakwave Tanker Shipping ETF,208.18,355.26,⭐️ 買進標的
2026-07-09,美股模組,SNDK,Sandisk,1727.18,227.98,⭐️ 買進標的
2026-07-09,美股模組,DELL,Dell Technologies,431.97,134.78,⭐️ 買進標的
2026-07-09,美股模組,MU,Micron Technology,948.8,121.76,⭐️ 買進標的
2026-07-09,美股模組,INTC,Intel,110.24,99.84,⭐️ 買進標的
2026-07-09,美股模組,STX,Seagate Technology,860.02,94.21,⭐️ 買進標的
2026-07-09,美股模組,AMD,Advanced Micro Devices,517.41,92.85,⭐️ 買進標的
2026-07-09,美股模組,WDC,Western Digital,550.3,92.33,⭐️ 買進標的
2026-07-09,美股模組,LNVGY,Lenovo Group Limited,57.96,87.96,⭐️ 買進標的
2026-07-09,美股模組,AXTI,"AXT, Inc.",60.12,86.81,⭐️ 買進標的
2026-07-09,台股模組,00631L.TW,元大台灣50正2,36.78,32.51,❌ 跌破SOX 10MA(連4日)
2026-07-09,台股模組,00675L.TW,富邦臺灣加權正2,321.0,32.11,❌ 跌破SOX 10MA(連4日)
2026-07-09,台股模組,00674R.TW,期元大S&P黃金反1,30.21,241.8,⭐️ 買進標的
2026-07-09,台股模組,2327.TW,國巨*,900.0,115.88,⭐️ 買進標的
2026-07-09,台股模組,3090.TW,日電貿,286.5,108.85,⭐️ 買進標的
2026-07-09,台股模組,2493.TW,揚博,274.0,101.65,⭐️ 買進標的
2026-07-09,台股模組,1303.TW,南亞,181.5,98.95,⭐️ 買進標的
2026-07-09,台股模組,2466.TW,冠西電,98.5,97.29,⭐️ 買進標的
2026-07-09,台股模組,2303.TW,聯電,156.0,94.45,⭐️ 買進標的
2026-07-09,台股模組,3481.TW,群創,65.3,91.98,⭐️ 買進標的
2026-07-09,台股模組,2059.TW,川湖,8250.0,86.66,⭐️ 買進標的
2026-07-09,台股模組,6446.TW,藥華藥,1285.0,85.14,⭐️ 買進標的
2026-07-09,美股模組,USD,ProShares Ultra Semiconductors,90.55,46.98,⭐️ 買進標的
2026-07-09,美股模組,SOXL,Direxion Daily Semiconductor Bull 3X Shares,174.82,153.36,❌ 跌破TWII濾網
2026-07-09,美股模組,BWET,Breakwave Tanker Shipping ETF,208.18,355.26,⭐️ 買進標的
2026-07-09,美股模組,SNDK,Sandisk,1727.18,227.98,⭐️ 買進標的
2026-07-09,美股模組,DELL,Dell Technologies,431.97,134.78,⭐️ 買進標的
2026-07-09,美股模組,MU,Micron Technology,948.8,121.76,⭐️ 買進標的
2026-07-09,美股模組,INTC,Intel,110.24,99.84,⭐️ 買進標的
2026-07-09,美股模組,STX,Seagate Technology,860.02,94.21,⭐️ 買進標的
2026-07-09,美股模組,AMD,Advanced Micro Devices,517.41,92.85,⭐️ 買進標的
2026-07-09,美股模組,WDC,Western Digital,550.3,92.33,⭐️ 買進標的
2026-07-09,美股模組,LNVGY,Lenovo Group Limited,57.96,87.96,⭐️ 買進標的
2026-07-09,美股模組,AXTI,"AXT, Inc.",60.12,86.81,⭐️ 買進標的
2026-07-10,台股模組,00631L.TW,元大台灣50正2,37.14,35.93,❌ 跌破SOX 10MA(連4日)
2026-07-10,台股模組,00675L.TW,富邦臺灣加權正2,322.5,35.45,❌ 跌破SOX 10MA(連4日)
2026-07-10,台股模組,00674R.TW,期元大S&P黃金反1,29.82,243.22,⭐️ 買進標的
2026-07-10,台股模組,2327.TW,國巨*,900.0,115.88,⭐️ 買進標的
2026-07-10,台股模組,3090.TW,日電貿,286.5,108.85,⭐️ 買進標的
2026-07-10,台股模組,2493.TW,揚博,274.0,101.65,⭐️ 買進標的
2026-07-10,台股模組,1303.TW,南亞,181.5,98.95,⭐️ 買進標的
2026-07-10,台股模組,2466.TW,冠西電,98.5,97.29,⭐️ 買進標的
2026-07-10,台股模組,2303.TW,聯電,156.0,94.45,⭐️ 買進標的
2026-07-10,台股模組,3481.TW,群創,65.3,91.98,⭐️ 買進標的
2026-07-10,台股模組,2059.TW,川湖,8250.0,86.66,⭐️ 買進標的
2026-07-10,台股模組,6446.TW,藥華藥,1285.0,85.14,⭐️ 買進標的
2026-07-10,美股模組,USD,ProShares Ultra Semiconductors,94.05,44.4,⭐️ 買進標的
2026-07-10,美股模組,SOXL,Direxion Daily Semiconductor Bull 3X Shares,192.45,144.15,❌ 跌破TWII濾網
2026-07-10,美股模組,BWET,Breakwave Tanker Shipping ETF,199.43,320.56,⭐️ 買進標的
2026-07-10,美股模組,SNDK,Sandisk,1858.27,194.21,⭐️ 買進標的
2026-07-10,美股模組,DELL,Dell Technologies,450.22,140.61,⭐️ 買進標的
2026-07-10,美股模組,MU,Micron Technology,991.64,112.41,⭐️ 買進標的
2026-07-10,美股模組,LNVGY,Lenovo Group Limited,63.14,102.35,⭐️ 買進標的
2026-07-10,美股模組,AMD,Advanced Micro Devices,546.72,100.8,⭐️ 買進標的
2026-07-10,美股模組,INTC,Intel,112.54,91.35,⭐️ 買進標的
2026-07-10,美股模組,CRDO,Credo Technology Group Holding Ltd,265.65,86.79,⭐️ 買進標的
2026-07-10,美股模組,STX,Seagate Technology,890.09,83.7,⭐️ 買進標的
2026-07-10,美股模組,WDC,Western Digital,578.05,81.32,⭐️ 買進標的
2026-07-10,台股模組,00631L.TW,元大台灣50正2,36.78,32.51,❌ 跌破SOX 10MA(連4日)
2026-07-10,台股模組,00675L.TW,富邦臺灣加權正2,321.0,32.11,❌ 跌破SOX 10MA(連4日)
2026-07-10,台股模組,00674R.TW,期元大S&P黃金反1,30.21,241.8,⭐️ 買進標的
2026-07-10,台股模組,2327.TW,國巨*,900.0,115.88,⭐️ 買進標的
2026-07-10,台股模組,3090.TW,日電貿,286.5,108.85,⭐️ 買進標的
2026-07-10,台股模組,2493.TW,揚博,274.0,101.65,⭐️ 買進標的
2026-07-10,台股模組,1303.TW,南亞,181.5,98.95,⭐️ 買進標的
2026-07-10,台股模組,2466.TW,冠西電,98.5,97.29,⭐️ 買進標的
2026-07-10,台股模組,2303.TW,聯電,156.0,94.45,⭐️ 買進標的
2026-07-10,台股模組,3481.TW,群創,65.3,91.98,⭐️ 買進標的
2026-07-10,台股模組,2059.TW,川湖,8250.0,86.66,⭐️ 買進標的
2026-07-10,台股模組,6446.TW,藥華藥,1285.0,85.14,⭐️ 買進標的
2026-07-10,美股模組,USD,ProShares Ultra Semiconductors,94.05,44.4,⭐️ 買進標的
2026-07-10,美股模組,SOXL,Direxion Daily Semiconductor Bull 3X Shares,192.45,144.15,❌ 跌破TWII濾網
2026-07-10,美股模組,BWET,Breakwave Tanker Shipping ETF,199.43,320.56,⭐️ 買進標的
2026-07-10,美股模組,SNDK,Sandisk,1858.27,194.21,⭐️ 買進標的
2026-07-10,美股模組,DELL,Dell Technologies,450.22,140.61,⭐️ 買進標的
2026-07-10,美股模組,MU,Micron Technology,991.64,112.41,⭐️ 買進標的
2026-07-10,美股模組,LNVGY,Lenovo Group Limited,62.94,101.71,⭐️ 買進標的
2026-07-10,美股模組,AMD,Advanced Micro Devices,546.72,100.8,⭐️ 買進標的
2026-07-10,美股模組,INTC,Intel,112.54,91.35,⭐️ 買進標的
2026-07-10,美股模組,CRDO,Credo Technology Group Holding Ltd,265.65,86.79,⭐️ 買進標的
2026-07-10,美股模組,STX,Seagate Technology,890.09,83.7,⭐️ 買進標的
2026-07-10,美股模組,WDC,Western Digital,578.05,81.32,⭐️ 買進標的
2026-07-13,台股模組,00631L.TW,元大台灣50正2,36.78,32.61,❌ 跌破SOX 10MA(連4日)
2026-07-13,台股模組,00675L.TW,富邦臺灣加權正2,321.0,32.27,❌ 跌破SOX 10MA(連4日)
2026-07-13,台股模組,00674R.TW,期元大S&P黃金反1,30.21,241.61,⭐️ 買進標的
2026-07-13,台股模組,2327.TW,國巨*,900.0,114.37,⭐️ 買進標的
2026-07-13,台股模組,3090.TW,日電貿,286.5,114.07,⭐️ 買進標的
2026-07-13,台股模組,1303.TW,南亞,181.5,107.94,⭐️ 買進標的
2026-07-13,台股模組,3481.TW,群創,65.3,103.88,⭐️ 買進標的
2026-07-13,台股模組,2466.TW,冠西電,98.5,95.27,⭐️ 買進標的
2026-07-13,台股模組,2303.TW,聯電,156.0,94.91,⭐️ 買進標的
2026-07-13,台股模組,2493.TW,揚博,274.0,93.9,⭐️ 買進標的
2026-07-13,台股模組,2059.TW,川湖,8250.0,87.71,⭐️ 買進標的
2026-07-13,台股模組,6446.TW,藥華藥,1285.0,82.81,⭐️ 買進標的
2026-07-13,美股模組,USD,ProShares Ultra Semiconductors,96.96,47.28,⭐️ 買進標的
2026-07-13,美股模組,SOXL,Direxion Daily Semiconductor Bull 3X Shares,192.26,143.37,❌ 跌破TWII濾網
2026-07-13,美股模組,BWET,Breakwave Tanker Shipping ETF,203.35,279.23,⭐️ 買進標的
2026-07-13,美股模組,SNDK,Sandisk,1915.92,194.41,⭐️ 買進標的
2026-07-13,美股模組,DELL,Dell Technologies,434.97,139.78,⭐️ 買進標的
2026-07-13,美股模組,MU,Micron Technology,979.3,108.53,⭐️ 買進標的
2026-07-13,美股模組,AMD,Advanced Micro Devices,557.89,106.24,⭐️ 買進標的
2026-07-13,美股模組,LNVGY,Lenovo Group Limited,62.9,104.36,⭐️ 買進標的
2026-07-13,美股模組,STX,Seagate Technology,910.34,95.21,⭐️ 買進標的
2026-07-13,美股模組,WDC,Western Digital,582.59,92.23,⭐️ 買進標的
2026-07-13,美股模組,INTC,Intel,109.84,79.13,⭐️ 買進標的
2026-07-13,美股模組,CRDO,Credo Technology Group Holding Ltd,257.79,77.23,⭐️ 買進標的
2026-07-13,台股模組,00631L.TW,元大台灣50正2,36.86,33.49,❌ 跌破SOX 10MA(連4日)
2026-07-13,台股模組,00675L.TW,富邦臺灣加權正2,319.5,32.37,❌ 跌破SOX 10MA(連4日)
2026-07-13,台股模組,00674R.TW,期元大S&P黃金反1,30.29,239.68,⭐️ 買進標的
2026-07-13,台股模組,1303.TW,南亞,199.5,120.39,⭐️ 買進標的
2026-07-13,台股模組,2303.TW,聯電,153.5,92.34,⭐️ 買進標的
2026-07-13,台股模組,2466.TW,冠西電,100.5,88.24,⭐️ 買進標的
2026-07-13,台股模組,4958.TW,臻鼎-KY,646.0,87.35,⭐️ 買進標的
2026-07-13,台股模組,2059.TW,川湖,8080.0,84.26,⭐️ 買進標的
2026-07-13,台股模組,2327.TW,國巨*,816.0,84.2,⭐️ 買進標的
2026-07-13,台股模組,3481.TW,群創,61.0,83.61,⭐️ 買進標的
2026-07-13,台股模組,3090.TW,日電貿,258.0,82.78,⭐️ 買進標的
2026-07-13,台股模組,6446.TW,藥華藥,1250.0,81.58,⭐️ 買進標的
2026-07-13,美股模組,USD,ProShares Ultra Semiconductors,96.96,47.28,⭐️ 買進標的
2026-07-13,美股模組,SOXL,Direxion Daily Semiconductor Bull 3X Shares,192.26,143.37,❌ 跌破TWII濾網
2026-07-13,美股模組,BWET,Breakwave Tanker Shipping ETF,203.35,279.23,⭐️ 買進標的
2026-07-13,美股模組,SNDK,Sandisk,1915.92,194.41,⭐️ 買進標的
2026-07-13,美股模組,DELL,Dell Technologies,434.97,139.78,⭐️ 買進標的
2026-07-13,美股模組,MU,Micron Technology,979.3,108.53,⭐️ 買進標的
2026-07-13,美股模組,AMD,Advanced Micro Devices,557.89,106.24,⭐️ 買進標的
2026-07-13,美股模組,LNVGY,Lenovo Group Limited,62.9,104.36,⭐️ 買進標的
2026-07-13,美股模組,STX,Seagate Technology,910.34,95.21,⭐️ 買進標的
2026-07-13,美股模組,WDC,Western Digital,582.59,92.23,⭐️ 買進標的
2026-07-13,美股模組,INTC,Intel,109.84,79.13,⭐️ 買進標的
2026-07-13,美股模組,CRDO,Credo Technology Group Holding Ltd,257.79,77.23,⭐️ 買進標的
2026-07-14,台股模組,00631L.TW,元大台灣50正2,36.86,33.49,❌ 跌破SOX 10MA(連4日)
2026-07-14,台股模組,00675L.TW,富邦臺灣加權正2,319.5,32.37,❌ 跌破SOX 10MA(連4日)
2026-07-14,台股模組,00674R.TW,期元大S&P黃金反1,30.29,239.68,⭐️ 買進標的
2026-07-14,台股模組,1303.TW,南亞,199.5,120.39,⭐️ 買進標的
2026-07-14,台股模組,2303.TW,聯電,153.5,92.34,⭐️ 買進標的
2026-07-14,台股模組,2466.TW,冠西電,100.5,88.24,⭐️ 買進標的
2026-07-14,台股模組,4958.TW,臻鼎-KY,646.0,87.35,⭐️ 買進標的
2026-07-14,台股模組,2059.TW,川湖,8080.0,84.26,⭐️ 買進標的
2026-07-14,台股模組,2327.TW,國巨*,816.0,84.2,⭐️ 買進標的
2026-07-14,台股模組,3481.TW,群創,61.0,83.61,⭐️ 買進標的
2026-07-14,台股模組,3090.TW,日電貿,258.0,82.78,⭐️ 買進標的
2026-07-14,台股模組,6446.TW,藥華藥,1250.0,81.58,⭐️ 買進標的
2026-07-14,美股模組,USD,ProShares Ultra Semiconductors,89.2,38.11,⭐️ 買進標的
2026-07-14,美股模組,SOXL,Direxion Daily Semiconductor Bull 3X Shares,165.37,113.7,❌ 跌破TWII濾網
2026-07-14,美股模組,BWET,Breakwave Tanker Shipping ETF,210.96,271.33,⭐️ 買進標的
2026-07-14,美股模組,SNDK,Sandisk,1673.97,166.26,⭐️ 買進標的
2026-07-14,美股模組,DELL,Dell Technologies,427.11,139.86,⭐️ 買進標的
2026-07-14,美股模組,MU,Micron Technology,937.0,104.86,⭐️ 買進標的
2026-07-14,美股模組,AMD,Advanced Micro Devices,534.39,99.1,⭐️ 買進標的
2026-07-14,美股模組,LNVGY,Lenovo Group Limited,59.15,97.42,⭐️ 買進標的
2026-07-14,美股模組,STX,Seagate Technology,860.66,93.34,⭐️ 買進標的
2026-07-14,美股模組,WDC,Western Digital,555.55,90.46,⭐️ 買進標的
2026-07-14,美股模組,DDOG,Datadog,260.24,86.82,⭐️ 買進標的
2026-07-14,美股模組,FTNT,Fortinet,160.62,76.95,⭐️ 買進標的
2026-07-14,台股模組,00631L.TW,元大台灣50正2,35.88,23.76,❌ 跌破SOX 10MA(連4日)
2026-07-14,台股模組,00675L.TW,富邦臺灣加權正2,311.15,22.63,❌ 跌破SOX 10MA(連4日)
2026-07-14,台股模組,00674R.TW,期元大S&P黃金反1,30.57,246.94,⭐️ 買進標的
2026-07-14,台股模組,1303.TW,南亞,210.0,117.61,⭐️ 買進標的
2026-07-14,台股模組,2466.TW,冠西電,105.0,91.61,⭐️ 買進標的
2026-07-14,台股模組,2303.TW,聯電,151.0,86.15,⭐️ 買進標的
2026-07-14,台股模組,4958.TW,臻鼎-KY,629.0,82.88,⭐️ 買進標的
2026-07-14,台股模組,8046.TW,南電,1290.0,78.97,⭐️ 買進標的
2026-07-14,台股模組,3189.TW,景碩,805.0,74.77,⭐️ 買進標的
2026-07-14,台股模組,6446.TW,藥華藥,1200.0,73.99,⭐️ 買進標的
2026-07-14,台股模組,2059.TW,川湖,7995.0,73.89,⭐️ 買進標的
2026-07-14,台股模組,2327.TW,國巨*,778.0,71.07,⭐️ 買進標的
2026-07-14,美股模組,USD,ProShares Ultra Semiconductors,89.2,38.11,⭐️ 買進標的
2026-07-14,美股模組,SOXL,Direxion Daily Semiconductor Bull 3X Shares,165.37,113.7,❌ 跌破TWII濾網
2026-07-14,美股模組,BWET,Breakwave Tanker Shipping ETF,210.96,271.33,⭐️ 買進標的
2026-07-14,美股模組,SNDK,Sandisk,1673.97,166.26,⭐️ 買進標的
2026-07-14,美股模組,DELL,Dell Technologies,427.11,139.86,⭐️ 買進標的
2026-07-14,美股模組,MU,Micron Technology,937.0,104.86,⭐️ 買進標的
2026-07-14,美股模組,AMD,Advanced Micro Devices,534.39,99.1,⭐️ 買進標的
2026-07-14,美股模組,LNVGY,Lenovo Group Limited,59.15,97.42,⭐️ 買進標的
2026-07-14,美股模組,STX,Seagate Technology,860.66,93.34,⭐️ 買進標的
2026-07-14,美股模組,WDC,Western Digital,555.55,90.46,⭐️ 買進標的
2026-07-14,美股模組,DDOG,Datadog,260.24,86.82,⭐️ 買進標的
2026-07-14,美股模組,FTNT,Fortinet,160.62,76.95,⭐️ 買進標的
2026-07-15,台股模組,00631L.TW,元大台灣50正2,36.86,33.49,❌ 跌破SOX 10MA(連4日)
2026-07-15,台股模組,00675L.TW,富邦臺灣加權正2,319.5,32.37,❌ 跌破SOX 10MA(連4日)
2026-07-15,台股模組,00674R.TW,期元大S&P黃金反1,30.29,239.68,⭐️ 買進標的
2026-07-15,台股模組,1303.TW,南亞,210.0,117.61,⭐️ 買進標的
2026-07-15,台股模組,2466.TW,冠西電,105.0,91.61,⭐️ 買進標的
2026-07-15,台股模組,2303.TW,聯電,151.0,86.15,⭐️ 買進標的
2026-07-15,台股模組,4958.TW,臻鼎-KY,629.0,82.88,⭐️ 買進標的
2026-07-15,台股模組,8046.TW,南電,1290.0,78.97,⭐️ 買進標的
2026-07-15,台股模組,3189.TW,景碩,805.0,74.77,⭐️ 買進標的
2026-07-15,台股模組,6446.TW,藥華藥,1200.0,73.99,⭐️ 買進標的
2026-07-15,台股模組,2059.TW,川湖,7995.0,73.89,⭐️ 買進標的
2026-07-15,台股模組,2327.TW,國巨*,778.0,71.07,⭐️ 買進標的
2026-07-15,美股模組,USD,ProShares Ultra Semiconductors,94.89,40.55,⭐️ 買進標的
2026-07-15,美股模組,SOXL,Direxion Daily Semiconductor Bull 3X Shares,176.66,108.54,❌ 跌破TWII濾網
2026-07-15,美股模組,BWET,Breakwave Tanker Shipping ETF,257.35,321.94,⭐️ 買進標的
2026-07-15,美股模組,SNDK,Sandisk,1757.82,147.91,⭐️ 買進標的
2026-07-15,美股模組,DELL,Dell Technologies,457.54,146.96,⭐️ 買進標的
2026-07-15,美股模組,MU,Micron Technology,983.12,104.77,⭐️ 買進標的
2026-07-15,美股模組,AMD,Advanced Micro Devices,548.13,101.36,⭐️ 買進標的
2026-07-15,美股模組,LNVGY,Lenovo Group Limited,60.06,97.61,⭐️ 買進標的
2026-07-15,美股模組,DDOG,Datadog,270.73,92.42,⭐️ 買進標的
2026-07-15,美股模組,STX,Seagate Technology,878.31,87.37,⭐️ 買進標的
2026-07-15,美股模組,WDC,Western Digital,563.32,82.86,⭐️ 買進標的
2026-07-15,美股模組,FTNT,Fortinet,166.83,79.16,⭐️ 買進標的
2026-07-15,台股模組,00631L.TW,元大台灣50正2,37.04,23.07,❌ 跌破SOX 10MA(連4日)
2026-07-15,台股模組,00675L.TW,富邦臺灣加權正2,322.25,22.59,❌ 跌破SOX 10MA(連4日)
2026-07-15,台股模組,00674R.TW,期元大S&P黃金反1,30.54,248.65,⭐️ 買進標的
2026-07-15,台股模組,1303.TW,南亞,227.5,126.84,⭐️ 買進標的
2026-07-15,台股模組,2466.TW,冠西電,115.5,108.61,⭐️ 買進標的
2026-07-15,台股模組,2303.TW,聯電,166.0,95.6,⭐️ 買進標的
2026-07-15,台股模組,8046.TW,南電,1415.0,90.52,⭐️ 買進標的
2026-07-15,台股模組,6446.TW,藥華藥,1320.0,89.74,⭐️ 買進標的
2026-07-15,台股模組,2059.TW,川湖,8500.0,84.61,⭐️ 買進標的
2026-07-15,台股模組,4958.TW,臻鼎-KY,618.0,76.08,⭐️ 買進標的
2026-07-15,台股模組,2408.TW,南亞科,481.0,75.08,⭐️ 買進標的
2026-07-15,台股模組,3189.TW,景碩,845.0,74.48,⭐️ 買進標的
2026-07-15,美股模組,USD,ProShares Ultra Semiconductors,89.2,38.11,⭐️ 買進標的
2026-07-15,美股模組,SOXL,Direxion Daily Semiconductor Bull 3X Shares,165.37,113.7,❌ 跌破TWII濾網
2026-07-15,美股模組,BWET,Breakwave Tanker Shipping ETF,257.35,321.94,⭐️ 買進標的
2026-07-15,美股模組,SNDK,Sandisk,1757.82,147.91,⭐️ 買進標的
2026-07-15,美股模組,DELL,Dell Technologies,457.54,146.96,⭐️ 買進標的
2026-07-15,美股模組,MU,Micron Technology,937.0,104.86,⭐️ 買進標的
2026-07-15,美股模組,AMD,Advanced Micro Devices,534.39,99.1,⭐️ 買進標的
2026-07-15,美股模組,LNVGY,Lenovo Group Limited,59.15,97.42,⭐️ 買進標的
2026-07-15,美股模組,STX,Seagate Technology,860.66,93.34,⭐️ 買進標的
2026-07-15,美股模組,DDOG,Datadog,270.73,92.42,⭐️ 買進標的
2026-07-15,美股模組,WDC,Western Digital,555.55,90.46,⭐️ 買進標的
2026-07-15,美股模組,HPE,Hewlett Packard Enterprise,49.56,77.4,⭐️ 買進標的
2026-07-16,台股模組,00631L.TW,元大台灣50正2,35.88,23.76,❌ 跌破SOX 10MA(連4日)
2026-07-16,台股模組,00675L.TW,富邦臺灣加權正2,311.15,22.63,❌ 跌破SOX 10MA(連4日)
2026-07-16,台股模組,00674R.TW,期元大S&P黃金反1,30.57,246.94,⭐️ 買進標的
2026-07-16,台股模組,1303.TW,南亞,227.5,126.84,⭐️ 買進標的
2026-07-16,台股模組,2466.TW,冠西電,115.5,108.61,⭐️ 買進標的
2026-07-16,台股模組,2303.TW,聯電,166.0,95.6,⭐️ 買進標的
2026-07-16,台股模組,8046.TW,南電,1415.0,90.52,⭐️ 買進標的
2026-07-16,台股模組,6446.TW,藥華藥,1320.0,89.74,⭐️ 買進標的
2026-07-16,台股模組,2059.TW,川湖,8500.0,84.61,⭐️ 買進標的
2026-07-16,台股模組,4958.TW,臻鼎-KY,618.0,76.08,⭐️ 買進標的
2026-07-16,台股模組,2408.TW,南亞科,481.0,75.08,⭐️ 買進標的
2026-07-16,台股模組,3189.TW,景碩,845.0,74.48,⭐️ 買進標的
2026-07-16,美股模組,USD,ProShares Ultra Semiconductors,92.3,33.07,⭐️ 買進標的
2026-07-16,美股模組,SOXL,Direxion Daily Semiconductor Bull 3X Shares,165.55,89.18,❌ 跌破TWII濾網
2026-07-16,美股模組,BWET,Breakwave Tanker Shipping ETF,230.03,292.72,⭐️ 買進標的
2026-07-16,美股模組,DELL,Dell Technologies,412.68,124.6,⭐️ 買進標的
2026-07-16,美股模組,SNDK,Sandisk,1615.0,122.48,⭐️ 買進標的
2026-07-16,美股模組,LNVGY,Lenovo Group Limited,59.81,94.28,⭐️ 買進標的
2026-07-16,美股模組,AMD,Advanced Micro Devices,529.14,88.55,⭐️ 買進標的
2026-07-16,美股模組,DDOG,Datadog,264.46,87.72,⭐️ 買進標的
2026-07-16,美股模組,MU,Micron Technology,904.28,82.65,⭐️ 買進標的
2026-07-16,美股模組,PANW,Palo Alto Networks,354.02,77.71,⭐️ 買進標的
2026-07-16,美股模組,FTNT,Fortinet,164.51,76.87,⭐️ 買進標的
2026-07-16,美股模組,HPE,Hewlett Packard Enterprise,47.39,69.78,⭐️ 買進標的
2026-07-16,台股模組,00631L.TW,元大台灣50正2,37.19,21.41,❌ 跌破SOX 10MA(連4日)
2026-07-16,台股模組,00675L.TW,富邦臺灣加權正2,323.05,20.57,❌ 跌破SOX 10MA(連4日)
2026-07-16,台股模組,00674R.TW,期元大S&P黃金反1,30.54,248.46,⭐️ 買進標的
2026-07-16,台股模組,2466.TW,冠西電,121.0,119.51,⭐️ 買進標的
2026-07-16,台股模組,1303.TW,南亞,221.0,119.24,⭐️ 買進標的
2026-07-16,台股模組,2059.TW,川湖,8655.0,90.69,⭐️ 買進標的
2026-07-16,台股模組,2303.TW,聯電,160.0,76.84,⭐️ 買進標的
2026-07-16,台股模組,6446.TW,藥華藥,1260.0,76.6,⭐️ 買進標的
2026-07-16,台股模組,3481.TW,群創,57.3,61.32,⭐️ 買進標的
2026-07-16,台股模組,2327.TW,國巨*,776.0,61.08,⭐️ 買進標的
2026-07-16,台股模組,4958.TW,臻鼎-KY,578.0,59.75,⭐️ 買進標的
2026-07-16,台股模組,8046.TW,南電,1275.0,59.43,⭐️ 買進標的
2026-07-16,美股模組,USD,ProShares Ultra Semiconductors,92.3,33.07,⭐️ 買進標的
2026-07-16,美股模組,SOXL,Direxion Daily Semiconductor Bull 3X Shares,165.55,89.18,❌ 跌破TWII濾網
2026-07-16,美股模組,BWET,Breakwave Tanker Shipping ETF,230.03,292.72,⭐️ 買進標的
2026-07-16,美股模組,DELL,Dell Technologies,412.68,124.6,⭐️ 買進標的
2026-07-16,美股模組,SNDK,Sandisk,1615.0,122.48,⭐️ 買進標的
2026-07-16,美股模組,LNVGY,Lenovo Group Limited,59.81,94.28,⭐️ 買進標的
2026-07-16,美股模組,AMD,Advanced Micro Devices,529.14,88.55,⭐️ 買進標的
2026-07-16,美股模組,DDOG,Datadog,264.46,87.72,⭐️ 買進標的
2026-07-16,美股模組,MU,Micron Technology,904.28,82.65,⭐️ 買進標的
2026-07-16,美股模組,PANW,Palo Alto Networks,354.02,77.71,⭐️ 買進標的
2026-07-16,美股模組,FTNT,Fortinet,164.51,76.87,⭐️ 買進標的
2026-07-16,美股模組,HPE,Hewlett Packard Enterprise,47.39,69.78,⭐️ 買進標的
2026-07-17,台股模組,00631L.TW,元大台灣50正2,37.04,23.07,❌ 跌破SOX 10MA(連4日)
2026-07-17,台股模組,00675L.TW,富邦臺灣加權正2,322.25,22.59,❌ 跌破SOX 10MA(連4日)
2026-07-17,台股模組,00674R.TW,期元大S&P黃金反1,30.54,248.65,⭐️ 買進標的
2026-07-17,台股模組,2466.TW,冠西電,121.0,119.51,⭐️ 買進標的
2026-07-17,台股模組,1303.TW,南亞,221.0,119.24,⭐️ 買進標的
2026-07-17,台股模組,2059.TW,川湖,8655.0,90.69,⭐️ 買進標的
2026-07-17,台股模組,2303.TW,聯電,160.0,76.84,⭐️ 買進標的
2026-07-17,台股模組,6446.TW,藥華藥,1260.0,76.6,⭐️ 買進標的
2026-07-17,台股模組,3481.TW,群創,57.3,61.32,⭐️ 買進標的
2026-07-17,台股模組,2327.TW,國巨*,776.0,61.08,⭐️ 買進標的
2026-07-17,台股模組,4958.TW,臻鼎-KY,578.0,59.75,⭐️ 買進標的
2026-07-17,台股模組,8046.TW,南電,1275.0,59.43,⭐️ 買進標的
2026-07-17,美股模組,USD,ProShares Ultra Semiconductors,85.5,19.29,⭐️ 買進標的
2026-07-17,美股模組,SOXL,Direxion Daily Semiconductor Bull 3X Shares,142.48,57.38,❌ 跌破TWII濾網
2026-07-17,美股模組,BWET,Breakwave Tanker Shipping ETF,229.27,263.66,⭐️ 買進標的
2026-07-17,美股模組,DELL,Dell Technologies,391.38,115.55,⭐️ 買進標的
2026-07-17,美股模組,SNDK,Sandisk,1411.08,95.73,⭐️ 買進標的
2026-07-17,美股模組,LNVGY,Lenovo Group Limited,56.51,82.28,⭐️ 買進標的
2026-07-17,美股模組,DDOG,Datadog,262.32,79.42,⭐️ 買進標的
2026-07-17,美股模組,PANW,Palo Alto Networks,353.99,75.2,⭐️ 買進標的
2026-07-17,美股模組,MU,Micron Technology,853.2,72.65,⭐️ 買進標的
2026-07-17,美股模組,FTNT,Fortinet,160.78,71.57,⭐️ 買進標的
2026-07-17,美股模組,AMD,Advanced Micro Devices,500.94,70.77,⭐️ 買進標的
2026-07-17,美股模組,DVA,DaVita,234.01,65.81,⭐️ 買進標的
2026-07-17,台股模組,00631L.TW,元大台灣50正2,32.17,5.74,❌ 跌破SOX 10MA(連4日)
2026-07-17,台股模組,00675L.TW,富邦臺灣加權正2,278.75,5.1,❌ 跌破SOX 10MA(連4日)
2026-07-17,台股模組,00674R.TW,期元大S&P黃金反1,30.93,252.89,⭐️ 買進標的
2026-07-17,台股模組,2466.TW,冠西電,122.0,121.02,⭐️ 買進標的
2026-07-17,台股模組,1303.TW,南亞,199.0,93.04,⭐️ 買進標的
2026-07-17,台股模組,2059.TW,川湖,7890.0,67.97,⭐️ 買進標的
2026-07-17,台股模組,6446.TW,藥華藥,1195.0,67.3,⭐️ 買進標的
2026-07-17,台股模組,6505.TW,台塑化,81.3,54.76,⭐️ 買進標的
2026-07-17,台股模組,2303.TW,聯電,144.0,52.63,⭐️ 買進標的
2026-07-17,台股模組,3481.TW,群創,52.6,48.77,⭐️ 買進標的
2026-07-17,台股模組,2327.TW,國巨*,699.0,46.74,⭐️ 買進標的
2026-07-17,台股模組,8046.TW,南電,1150.0,44.69,⭐️ 買進標的
2026-07-17,美股模組,USD,ProShares Ultra Semiconductors,85.5,19.29,⭐️ 買進標的
2026-07-17,美股模組,SOXL,Direxion Daily Semiconductor Bull 3X Shares,142.48,57.38,❌ 跌破TWII濾網
2026-07-17,美股模組,BWET,Breakwave Tanker Shipping ETF,229.27,263.66,⭐️ 買進標的
2026-07-17,美股模組,DELL,Dell Technologies,391.38,115.55,⭐️ 買進標的
2026-07-17,美股模組,SNDK,Sandisk,1411.08,95.73,⭐️ 買進標的
2026-07-17,美股模組,LNVGY,Lenovo Group Limited,56.47,82.15,⭐️ 買進標的
2026-07-17,美股模組,DDOG,Datadog,262.32,79.42,⭐️ 買進標的
2026-07-17,美股模組,PANW,Palo Alto Networks,353.99,75.2,⭐️ 買進標的
2026-07-17,美股模組,MU,Micron Technology,853.2,72.65,⭐️ 買進標的
2026-07-17,美股模組,FTNT,Fortinet,160.78,71.57,⭐️ 買進標的
2026-07-17,美股模組,AMD,Advanced Micro Devices,500.94,70.77,⭐️ 買進標的
2026-07-17,美股模組,DVA,DaVita,234.01,65.81,⭐️ 買進標的
2026-07-20,台股模組,00631L.TW,元大台灣50正2,32.17,5.74,❌ 跌破SOX 10MA(連4日)
2026-07-20,台股模組,00675L.TW,富邦臺灣加權正2,278.75,5.1,❌ 跌破SOX 10MA(連4日)
2026-07-20,台股模組,00674R.TW,期元大S&P黃金反1,30.93,252.89,⭐️ 買進標的
2026-07-20,台股模組,2466.TW,冠西電,122.0,121.02,⭐️ 買進標的
2026-07-20,台股模組,1303.TW,南亞,199.0,93.04,⭐️ 買進標的
2026-07-20,台股模組,2059.TW,川湖,7890.0,67.97,⭐️ 買進標的
2026-07-20,台股模組,6446.TW,藥華藥,1195.0,67.3,⭐️ 買進標的
2026-07-20,台股模組,6505.TW,台塑化,81.3,54.76,⭐️ 買進標的
2026-07-20,台股模組,2303.TW,聯電,144.0,52.63,⭐️ 買進標的
2026-07-20,台股模組,3481.TW,群創,52.6,48.77,⭐️ 買進標的
2026-07-20,台股模組,2327.TW,國巨*,699.0,46.74,⭐️ 買進標的
2026-07-20,台股模組,8046.TW,南電,1150.0,44.69,⭐️ 買進標的
2026-07-20,美股模組,USD,ProShares Ultra Semiconductors,82.26,18.16,⭐️ 買進標的
2026-07-20,美股模組,SOXL,Direxion Daily Semiconductor Bull 3X Shares,135.47,52.6,❌ 跌破TWII濾網
2026-07-20,美股模組,BWET,Breakwave Tanker Shipping ETF,227.63,230.76,⭐️ 買進標的
2026-07-20,美股模組,DELL,Dell Technologies,396.34,113.47,⭐️ 買進標的
2026-07-20,美股模組,SNDK,Sandisk,1354.82,88.24,⭐️ 買進標的
2026-07-20,美股模組,DDOG,Datadog,258.69,77.59,⭐️ 買進標的
2026-07-20,美股模組,PANW,Palo Alto Networks,358.68,76.94,⭐️ 買進標的
2026-07-20,美股模組,MU,Micron Technology,848.95,74.57,⭐️ 買進標的
2026-07-20,美股模組,LNVGY,Lenovo Group Limited,55.08,73.28,⭐️ 買進標的
2026-07-20,美股模組,FTNT,Fortinet,161.61,72.54,⭐️ 買進標的
2026-07-20,美股模組,DVA,DaVita,236.97,67.17,⭐️ 買進標的
2026-07-20,美股模組,AMD,Advanced Micro Devices,495.76,65.87,⭐️ 買進標的
2026-07-20,台股模組,00631L.TW,元大台灣50正2,32.06,3.5,❌ 跌破SOX 10MA(連4日)
2026-07-20,台股模組,00675L.TW,富邦臺灣加權正2,275.05,1.63,❌ 跌破SOX 10MA(連4日)
2026-07-20,台股模組,2466.TW,冠西電,119.0,111.15,⭐️ 買進標的
2026-07-20,台股模組,1303.TW,南亞,186.5,76.75,⭐️ 買進標的
2026-07-20,台股模組,6446.TW,藥華藥,1175.0,60.7,⭐️ 買進標的
2026-07-20,台股模組,2059.TW,川湖,7750.0,59.92,⭐️ 買進標的
2026-07-20,台股模組,6505.TW,台塑化,77.7,47.85,⭐️ 買進標的
2026-07-20,台股模組,3481.TW,群創,50.4,37.72,⭐️ 買進標的
2026-07-20,台股模組,2408.TW,南亞科,381.0,33.92,⭐️ 買進標的
2026-07-20,台股模組,8046.TW,南電,1105.0,32.9,⭐️ 買進標的
2026-07-20,台股模組,2303.TW,聯電,130.0,31.41,⭐️ 買進標的
2026-07-20,台股模組,2327.TW,國巨*,630.0,28.47,⭐️ 買進標的
2026-07-20,美股模組,USD,ProShares Ultra Semiconductors,82.26,18.16,⭐️ 買進標的
2026-07-20,美股模組,SOXL,Direxion Daily Semiconductor Bull 3X Shares,135.47,52.6,❌ 跌破TWII濾網
2026-07-20,美股模組,BWET,Breakwave Tanker Shipping ETF,227.63,230.76,⭐️ 買進標的
2026-07-20,美股模組,DELL,Dell Technologies,396.34,113.47,⭐️ 買進標的
2026-07-20,美股模組,SNDK,Sandisk,1354.82,88.24,⭐️ 買進標的
2026-07-20,美股模組,DDOG,Datadog,258.69,77.59,⭐️ 買進標的
2026-07-20,美股模組,PANW,Palo Alto Networks,358.68,76.94,⭐️ 買進標的
2026-07-20,美股模組,MU,Micron Technology,848.95,74.57,⭐️ 買進標的
2026-07-20,美股模組,LNVGY,Lenovo Group Limited,55.08,73.28,⭐️ 買進標的
2026-07-20,美股模組,FTNT,Fortinet,161.61,72.54,⭐️ 買進標的
2026-07-20,美股模組,DVA,DaVita,236.97,67.17,⭐️ 買進標的
2026-07-20,美股模組,AMD,Advanced Micro Devices,495.76,65.87,⭐️ 買進標的
2026-07-21,台股模組,00631L.TW,元大台灣50正2,32.06,3.5,❌ 跌破SOX 10MA(連4日)
2026-07-21,台股模組,00675L.TW,富邦臺灣加權正2,275.05,1.63,❌ 跌破SOX 10MA(連4日)
2026-07-21,台股模組,00674R.TW,期元大S&P黃金反1,30.93,252.89,⭐️ 買進標的
2026-07-21,台股模組,2466.TW,冠西電,119.0,111.15,⭐️ 買進標的
2026-07-21,台股模組,1303.TW,南亞,186.5,76.75,⭐️ 買進標的
2026-07-21,台股模組,6446.TW,藥華藥,1175.0,60.7,⭐️ 買進標的
2026-07-21,台股模組,2059.TW,川湖,7750.0,59.92,⭐️ 買進標的
2026-07-21,台股模組,6505.TW,台塑化,77.7,47.85,⭐️ 買進標的
2026-07-21,台股模組,3481.TW,群創,50.4,37.72,⭐️ 買進標的
2026-07-21,台股模組,2408.TW,南亞科,381.0,33.92,⭐️ 買進標的
2026-07-21,台股模組,8046.TW,南電,1105.0,32.9,⭐️ 買進標的
2026-07-21,台股模組,2303.TW,聯電,130.0,31.41,⭐️ 買進標的
2026-07-21,美股模組,USD,ProShares Ultra Semiconductors,83.24,16.26,⭐️ 買進標的
2026-07-21,美股模組,SOXL,Direxion Daily Semiconductor Bull 3X Shares,136.81,46.18,❌ 跌破TWII濾網
2026-07-21,美股模組,BWET,Breakwave Tanker Shipping ETF,225.24,221.86,⭐️ 買進標的
2026-07-21,美股模組,DELL,Dell Technologies,381.88,102.5,⭐️ 買進標的
2026-07-21,美股模組,SNDK,Sandisk,1390.95,87.31,⭐️ 買進標的
2026-07-21,美股模組,DDOG,Datadog,263.2,80.6,⭐️ 買進標的
2026-07-21,美股模組,MU,Micron Technology,865.46,76.81,⭐️ 買進標的
2026-07-21,美股模組,FTNT,Fortinet,160.36,72.44,⭐️ 買進標的
2026-07-21,美股模組,PANW,Palo Alto Networks,348.66,72.34,⭐️ 買進標的
2026-07-21,美股模組,LNVGY,Lenovo Group Limited,54.05,68.65,⭐️ 買進標的
2026-07-21,美股模組,AMD,Advanced Micro Devices,503.57,66.7,⭐️ 買進標的
2026-07-21,美股模組,DVA,DaVita,234.1,63.54,⭐️ 買進標的
2026-07-21,台股模組,00631L.TW,元大台灣50正2,34.34,5.43,❌ 跌破SOX 10MA(連4日)
2026-07-21,台股模組,00675L.TW,富邦臺灣加權正2,296.55,4.28,❌ 跌破SOX 10MA(連4日)
2026-07-21,台股模組,2466.TW,冠西電,118.0,103.01,⭐️ 買進標的
2026-07-21,台股模組,1303.TW,南亞,195.5,75.52,⭐️ 買進標的
2026-07-21,台股模組,6505.TW,台塑化,85.4,63.27,⭐️ 買進標的
2026-07-21,台股模組,6446.TW,藥華藥,1175.0,59.95,⭐️ 買進標的
2026-07-21,台股模組,2059.TW,川湖,7975.0,56.25,⭐️ 買進標的
2026-07-21,台股模組,8046.TW,南電,1190.0,44.58,⭐️ 買進標的
2026-07-21,台股模組,3481.TW,群創,50.7,38.16,⭐️ 買進標的
2026-07-21,台股模組,2395.TW,研華,567.0,37.43,⭐️ 買進標的
2026-07-21,台股模組,2327.TW,國巨*,670.0,35.91,⭐️ 買進標的
2026-07-21,台股模組,2493.TW,揚博,238.5,34.5,⭐️ 買進標的
2026-07-21,美股模組,USD,ProShares Ultra Semiconductors,83.24,16.26,⭐️ 買進標的
2026-07-21,美股模組,SOXL,Direxion Daily Semiconductor Bull 3X Shares,136.81,46.18,❌ 跌破TWII濾網
2026-07-21,美股模組,BWET,Breakwave Tanker Shipping ETF,225.24,221.86,⭐️ 買進標的
2026-07-21,美股模組,DELL,Dell Technologies,381.88,102.5,⭐️ 買進標的
2026-07-21,美股模組,SNDK,Sandisk,1390.95,87.31,⭐️ 買進標的
2026-07-21,美股模組,DDOG,Datadog,263.2,80.6,⭐️ 買進標的
2026-07-21,美股模組,MU,Micron Technology,865.46,76.81,⭐️ 買進標的
2026-07-21,美股模組,FTNT,Fortinet,160.36,72.44,⭐️ 買進標的
2026-07-21,美股模組,PANW,Palo Alto Networks,348.66,72.34,⭐️ 買進標的
2026-07-21,美股模組,LNVGY,Lenovo Group Limited,54.05,68.65,⭐️ 買進標的
2026-07-21,美股模組,AMD,Advanced Micro Devices,503.57,66.7,⭐️ 買進標的
2026-07-21,美股模組,DVA,DaVita,234.1,63.54,⭐️ 買進標的
